LAT,LONG,Depth,Year
28.483,-90.97733333,35.1,2010
28.33016667,-90.47108333,53.8,2010
28.30525,-90.40358333,60.2,2010
28.266,-90.12225,96.6,2010
28.34975,-90.05425,86.9,2010
28.43466667,-90.1665,60.2,2010
28.39291667,-90.15825,64.7,2010
28.44816667,-90.26716667,51.9,2010
28.42366667,-90.23441667,55.8,2010
28.30108333,-90.07725,94.4,2010
28.19316667,-90.6425,82.7,2010
28.46691667,-90.31533333,48.3,2010
28.158,-90.60716667,95.1,2010
28.52591667,-90.44541667,38,2010
28.14016667,-90.887,96.6,2010
28.46866667,-90.55375,38.4,2010
28.71941667,-90.72666667,18.1,2010
28.89175,-90.53275,16.5,2010
28.86283333,-90.61208333,16.6,2010
28.83741667,-90.75,17.6,2010
28.765,-90.86691667,17.9,2010
29.17633333,-94.75725,14.8,2010
29.14258333,-94.75066667,17,2010
29.13383333,-94.86733333,14.3,2010
29.07408333,-94.78041667,18.3,2010
29.0165,-94.71758333,19,2010
28.95125,-95.00991667,18.7,2010
28.811,-94.89366667,20.3,2010
28.7725,-94.87833333,22.5,2010
28.65666667,-95.173,25.1,2010
28.6235,-95.15116667,27.2,2010
28.43858333,-95.52491667,29.1,2010
28.54591667,-95.60033333,20.1,2010
28.45758333,-95.74483333,23,2010
28.41233333,-95.85683333,22.3,2010
28.38375,-95.83925,25.1,2010
28.45308333,-95.98208333,17.6,2010
28.34816667,-96.02,21.8,2010
27.20991667,-97.00466667,36.6,2010
28.09916667,-96.10375,32.9,2010
27.05016667,-97.13266667,31.1,2010
27.01808333,-97.065,35.3,2010
28.27175,-96.325,20.5,2010
26.60591667,-97.05441667,33.3,2010
26.447,-97.162,18.1,2010
27.924,-96.29508333,42.2,2010
26.46591667,-97.017,32,2010
27.9395,-96.38675,35.7,2010
26.31541667,-96.939,35.1,2010
26.29366667,-96.90716667,37.7,2010
27.86091667,-96.46175,38.4,2010
26.11775,-96.86191667,37.9,2010
27.64925,-96.50775,56.1,2010
26.01341667,-97.01383333,26,2010
26.02808333,-96.92883333,32,2010
27.45616667,-96.461,83.2,2010
26.03066667,-96.45258333,66.8,2010
26.12316667,-96.46433333,62.9,2010
27.65775,-96.91425,25.6,2010
26.17533333,-96.36858333,95.1,2010
27.67641667,-97.01641667,20.5,2010
26.22225,-96.37141667,90.9,2010
27.59575,-96.977,25.2,2010
26.25458333,-96.57533333,53.2,2010
27.31033333,-97.127,26.2,2010
26.32041667,-96.6775,47,2010
26.59366667,-96.67175,64.9,2010
26.60883333,-96.62741667,73,2010
26.64016667,-96.57266667,89.6,2010
26.68058333,-96.6055,89.6,2010
26.86375,-96.82075,60.7,2010
27.12208333,-96.57325,94.9,2010
27.15066667,-96.53841667,100.8,2010
27.32025,-96.67058333,68,2010
27.33475,-96.63241667,71.5,2010
27.99883333,-95.8015,49.2,2010
27.75541667,-95.95683333,73.2,2010
27.80925,-96.12941667,64,2010
27.66833333,-96.11466667,93.3,2010
27.3635,-96.44591667,95.8,2010
27.786,-95.9385,62.4,2010
27.76183333,-95.60958333,94,2010
27.81333333,-95.626,72.2,2010
27.97725,-95.74616667,51.9,2010
27.91733333,-95.54075,61.4,2010
27.94075,-95.38758333,67.5,2010
28.33966667,-95.37283333,34.6,2010
27.94466667,-95.41233333,66.2,2010
28.33441667,-95.32208333,35.3,2010
28.1205,-95.59558333,44.4,2010
28.43233333,-95.31975,32.7,2010
28.23033333,-95.65216667,35.7,2010
28.494,-94.9795,34,2010
28.20058333,-95.40125,44.6,2010
28.29441667,-94.96625,43,2010
28.22516667,-95.37625,41,2010
28.25658333,-94.96116667,46.8,2010
28.23766667,-95.33833333,41.9,2010
28.30691667,-95.15166667,38.2,2010
28.30425,-95.31666667,37.9,2010
28.062,-95.25775,55.4,2010
28.02591667,-95.272,58.5,2010
28.08633333,-95.21758333,54.3,2010
28.05491667,-95.11725,58.9,2010
28.12975,-94.616,56.7,2010
28.02708333,-94.52158333,59.4,2010
28.09291667,-94.16183333,60.9,2010
28.26408333,-94.23808333,50.7,2010
28.22675,-94.25558333,51.2,2010
28.47408333,-94.15958333,40.4,2010
28.424,-94.60825,40.2,2010
28.38858333,-94.63083333,41.7,2010
28.66091667,-94.57425,29.6,2010
28.67916667,-94.94625,27.6,2010
28.68333333,-94.92791667,26.5,2010
28.80408333,-94.72358333,21.9,2010
28.88358333,-94.595,20.3,2010
28.85058333,-94.60783333,20.1,2010
28.77425,-94.60508333,21.4,2010
28.77691667,-94.51858333,24.3,2010
28.77616667,-94.33266667,28.2,2010
29.0055,-94.31166667,18.7,2010
28.97641667,-94.33375,16.1,2010
29.08466667,-94.34075,16.8,2010
28.50491667,-91.22341667,36.6,2010
29.36925,-94.4315,13.9,2010
28.64033333,-91.14583333,19.2,2010
29.34841667,-94.29208333,15.5,2010
29.38808333,-94.14066667,14.3,2010
28.814,-91.36508333,15.7,2010
29.53616667,-94.17683333,11.7,2010
28.91241667,-91.523,15.4,2010
29.20358333,-93.86125,15.9,2010
28.85125,-91.59633333,20.5,2010
29.02525,-93.90658333,20.5,2010
28.92,-91.85783333,21.2,2010
29.03508333,-93.9815,20.8,2010
29.06166667,-91.92141667,14.3,2010
28.6225,-93.89808333,31.6,2010
29.06966667,-92.26733333,18.5,2010
28.54816667,-93.8485,39.1,2010
29.27041667,-92.59633333,16.5,2010
29.01608333,-93.89158333,20.8,2010
29.33283333,-92.63875,15.5,2010
29.03191667,-93.88866667,20.3,2010
29.28733333,-92.6315,16.3,2010
29.0355,-93.8645,19.9,2010
29.25608333,-92.637,17.9,2010
28.9445,-93.78583333,22.5,2010
29.19575,-92.72758333,19.6,2010
28.42608333,-91.2305,47,2010
29.57841667,-92.93816667,11.5,2010
29.5465,-92.94833333,12.8,2010
29.6025,-93.23058333,10.6,2010
29.60041667,-93.59083333,11,2010
29.19925,-93.37583333,17.7,2010
29.15408333,-93.36608333,18.7,2010
29.17783333,-93.50858333,18.3,2010
29.106,-93.53441667,20.3,2010
29.08208333,-93.3975,21.2,2010
29.02525,-93.33483333,24.3,2010
28.76533333,-93.68375,21.4,2010
28.744,-93.65225,21.6,2010
28.59233333,-93.59258333,36.2,2010
28.40316667,-93.68133333,49.7,2010
28.36258333,-93.62625,52.9,2010
28.37558333,-93.63391667,53.9,2010
28.36283333,-93.43825,53.8,2010
28.27858333,-93.55791667,59.6,2010
28.16116667,-93.60391667,62.7,2010
28.12408333,-93.60491667,66.6,2010
28.01941667,-93.77958333,82.7,2010
27.99658333,-93.84558333,83.8,2010
27.98883333,-93.91108333,75.9,2010
29.06283333,-92.42233333,22.3,2010
28.14366667,-93.38016667,72.8,2010
28.47333333,-93.21575,42.2,2010
28.99366667,-92.25925,23.4,2010
28.47125,-93.02875,46.8,2010
28.94308333,-92.46866667,27.4,2010
28.535,-93.23675,39.7,2010
28.78316667,-92.41216667,34.2,2010
28.67966667,-93.40908333,30.9,2010
28.90491667,-93.26366667,25.4,2010
28.43133333,-92.2825,55.4,2010
29.014,-92.96025,24.5,2010
28.50058333,-92.51108333,49.2,2010
29.08041667,-92.68158333,23.8,2010
28.41858333,-92.70941667,53.8,2010
28.39491667,-92.55141667,56.7,2010
30.15008,-88.63233,13.9,2010
30.14517,-88.3805,16.1,2010
29.94908,-88.49942,27.4,2010
29.89775,-88.544,25.6,2010
29.84008,-88.52567,27.4,2010
29.81642,-88.40267,32.9,2010
30.22392,-87.70842,12.1,2010
30.19442,-87.41075,15.9,2010
29.8535,-87.49183,31.1,2010
30.01142,-87.27367,29.3,2010
29.99,-87.27425,27.4,2010
30.12008,-87.21292,27.4,2010
30.23692,-86.96167,27.4,2010
30.28167,-86.95042,27.4,2010
30.31675,-86.80367,19.9,2010
30.21992,-86.78783,29.3,2010
30.28608,-86.2865,23.8,2010
29.22633,-89.55483,4.2,2010
28.82408,-91.03575,9.3,2010
29.05483,-91.48275,7.9,2010
29.11142,-91.53042,7.5,2010
30.1405,-88.61567,13.4,2010
29.19075,-88.92525,31.1,2010
29.00992,-88.95667,89.6,2010
28.92725,-89.08133,73.2,2010
29.336,-88.72258,54.9,2010
29.46442,-88.54342,53,2010
29.57808,-88.56858,31.1,2010
29.55692,-88.48033,45.7,2010
29.5355,-87.88808,21.9,2010
29.34358,-87.81992,93.3,2010
30.22042,-87.69717,7.9,2010
30.20208,-87.39908,16.3,2010
29.73642,-86.30817,87.8,2010
30.015,-87.29083,25.6,2010
30.0295,-86.1795,36.6,2010
30.12417,-87.21458,32.9,2010
30.043,-86.10508,29.3,2010
30.10167,-86.86775,91.4,2010
30.03925,-86.08717,27.4,2010
30.0985,-86.54758,42.1,2010
30.13208,-85.88292,23.8,2010
30.03633,-86.551,47.5,2010
29.72342,-85.85475,38.4,2010
30.0265,-86.49158,45.7,2010
29.7085,-85.82383,34.7,2010
29.8655,-86.46583,73.2,2010
29.653,-85.72533,25.6,2010
29.59942,-85.88392,38.4,2010
29.382,-85.14242,21.9,2010
29.36833,-85.151,23.8,2010
29.31892,-85.17317,27.4,2010
29.11617,-85.50975,47.5,2010
28.986,-85.39433,78.6,2010
28.60158,-84.98717,75,2010
28.46967,-84.74858,62.2,2010
28.37758,-84.59175,62.2,2010
28.31458,-84.44475,56.7,2010
28.22183,-84.24933,45.7,2010
27.924,-84.48175,84.1,2010
27.71508,-84.41983,95.1,2010
27.69908,-84.26042,67.7,2010
27.78117,-84.16492,51.2,2010
27.71483,-84.0455,58.5,2010
27.66175,-84.06192,58.5,2010
27.82008,-83.74083,42.1,2010
27.918,-83.76383,40.2,2010
26.0645,-82.64167,29.3,2010
27.85,-83.57317,34.7,2010
26.32558,-82.97583,38.4,2010
27.7845,-83.5165,32.9,2010
26.3355,-83.07708,40.2,2010
27.81425,-83.31025,25.6,2010
26.39983,-83.11583,42.1,2010
27.54608,-83.05642,18.8,2010
26.52242,-83.15717,45.7,2010
27.43317,-82.91333,15.5,2010
26.54325,-83.00508,38.4,2010
27.07908,-82.86675,23.8,2010
26.5615,-83.57533,58.5,2010
27.11325,-82.883,23.8,2010
26.6475,-83.64317,64,2010
27.13575,-82.91583,25.6,2010
26.762,-83.57642,58.5,2010
26.86183,-82.461,12.4,2010
26.82425,-84.01033,82.3,2010
26.78567,-82.39508,12.1,2010
26.87083,-84.02033,86,2010
26.73375,-82.72175,17.7,2010
26.91708,-84.04542,87.8,2010
27.088,-83.84883,65.8,2010
26.71842,-82.67433,21.9,2010
27.13867,-83.72442,54.9,2010
26.697,-82.86792,29.3,2010
27.41067,-83.73367,49.4,2010
26.55417,-82.80558,27.4,2010
26.76917,-83.19883,42.1,2010
26.57783,-82.53658,19.6,2010
26.31358,-83.39333,56.7,2010
26.50183,-82.46917,18.1,2010
26.24617,-83.35567,54.9,2010
26.23608,-82.52092,21.9,2010
26.18642,-83.44783,58.5,2010
26.48283,-83.65975,65.8,2010
28.08975,-83.99858,42.1,2010
28.15775,-83.81725,36.6,2010
28.17258,-83.77683,36.6,2010
28.19908,-83.67942,32.9,2010
28.13917,-83.474,27.4,2010
28.21717,-83.38825,23.8,2010
28.201,-83.33108,21.9,2010
28.02783,-83.12017,17.2,2010
29.54658,-84.48692,20.1,2010
28.08383,-82.99625,10.2,2010
29.42092,-84.59308,25.6,2010
28.16883,-83.08383,15,2010
29.33308,-84.50625,29.3,2010
28.43467,-83.07975,12.8,2010
29.339,-84.28683,25.6,2010
28.50758,-83.01042,10.2,2010
29.15775,-84.20117,25.6,2010
28.53525,-83.01417,9.9,2010
29.09033,-84.42542,27.4,2010
29.05167,-85.10125,34.7,2010
28.74225,-83.19267,13,2010
29.11683,-85.134,36.6,2010
28.76492,-83.46433,19.4,2010
28.46442,-83.73492,29.3,2010
28.4435,-83.99758,32.9,2010
28.64983,-84.00792,31.1,2010
28.74917,-83.84975,27.4,2010
28.843,-83.93033,29.3,2010
28.8695,-83.84233,25.6,2010
29.24033,-83.81575,20.1,2010
29.52933,-83.71892,11.9,2010
29.65242,-84.4685,14.1,2010
29.607,-84.74533,12.3,2010
28.8885,-90.16317,25.2,2010
28.895,-90.08067,30.9,2010
29.02333,-89.80192,36.6,2010
29.14417,-89.63142,14.1,2010
28.98067,-89.47642,16.8,2010
28.89475,-89.47508,11.9,2010
29.01233,-90.3015,13.4,2010
29.00125,-90.45192,11,2010
28.67783,-90.97942,15.5,2010
28.55583,-91.21858,34.6,2010
28.67542,-91.14325,18.3,2010
28.84358,-91.36817,15.9,2010
28.92642,-91.35275,11.2,2010
28.95775,-91.538,14.6,2010
29.03842,-91.879,16.1,2010
29.11867,-92.02317,12.3,2010
29.00317,-92.26267,23,2010
29.07575,-92.43175,22.1,2010
28.7045,-90.25683,29.8,2010
29.1065,-92.21742,17,2010
28.72992,-90.20008,35.3,2010
29.073,-92.06217,17.2,2010
29.11117,-91.84975,11.2,2010
26.8105,-83.29917,45.7,2010
27.042,-82.85983,23.8,2010
27.00867,-82.85617,23.8,2010
26.97242,-82.85192,25.6,2010
27.73608,-82.99317,9.1,2010
27.63808,-83.61608,40.2,2010
27.43792,-84.30792,89.6,2010
26.81025,-84.01433,84.1,2010
26.85258,-84.04042,84.1,2010
26.88908,-84.06142,87.8,2010
26.7955,-83.22042,42.1,2010
26.80367,-83.25783,42.1,2010
30.12158,-88.26683,10.7,2010
29.98058,-88.37933,15.4,2010
29.9265,-88.32392,17.4,2010
29.71567,-88.34708,20.4,2010
30.15275,-88.13408,7,2010
30.05983,-88.05,12.1,2010
29.85283,-88.06367,17.6,2010
29.68467,-88.01892,22,2010
29.68417,-88.0955,20.4,2010
26.21541667,-96.57275,52.7,2011
26.12783333,-97.08491667,18.8,2011
26.43,-97.11966667,19.6,2011
26.46966667,-96.485,77.9,2011
26.69833333,-96.59341667,92.7,2011
26.6675,-96.55891667,94.9,2011
26.7015,-96.72658333,65.1,2011
26.64825,-96.783,55.6,2011
26.6035,-97.23083333,15.7,2011
26.75116667,-97.149,28.5,2011
26.80483333,-97.06241667,35.3,2011
26.93508333,-96.81566667,62.9,2011
26.97983333,-96.61275,97.7,2011
27.1015,-96.66341667,81.2,2011
27.1825,-96.89416667,47.2,2011
27.27116667,-96.68025,68.9,2011
27.99025,-94.97991667,81,2011
28.26516667,-95.01533333,45.4,2011
27.31291667,-96.89858333,41.9,2011
28.31658333,-95.11091667,39.5,2011
27.37458333,-96.8885,39.9,2011
27.40416667,-97.19133333,19.2,2011
28.31658333,-95.24033333,36.2,2011
27.8625,-96.93891667,14.6,2011
28.31808333,-95.35216667,35.5,2011
27.85758333,-96.91383333,16.3,2011
28.33191667,-95.441,32.6,2011
27.88266667,-96.71925,23.6,2011
27.82816667,-96.569,34.7,2011
28.22191667,-95.3925,39.5,2011
27.68566667,-96.6385,40.8,2011
28.22233333,-95.45358333,37.9,2011
27.6175,-96.46941667,61.8,2011
27.6415,-96.35041667,71.9,2011
28.23866667,-95.69708333,31.6,2011
27.74741667,-96.19033333,71.1,2011
28.29666667,-95.80433333,25.2,2011
27.78991667,-95.95008333,62.9,2011
28.44,-96.09516667,15.5,2011
27.81258333,-96.04391667,66.2,2011
28.484,-96.03116667,14.4,2011
27.91133333,-96.165,50.3,2011
28.481,-95.45983333,26.7,2011
28.54866667,-95.35558333,26.7,2011
27.95008333,-96.39983333,33.8,2011
28.46891667,-95.36566667,29.4,2011
27.9675,-96.37733333,33.6,2011
28.55275,-95.22516667,28.9,2011
28.02808333,-96.53341667,24,2011
28.27133333,-94.76975,45.7,2011
28.09416667,-96.32808333,26.3,2011
28.24508333,-94.74216667,47.2,2011
28.08358333,-96.10391667,33.6,2011
28.15175,-94.54983333,54.9,2011
28.29358333,-94.45391667,47.4,2011
27.9715,-95.673,50.8,2011
28.448,-94.33866667,39.3,2011
27.94058333,-95.12583333,86,2011
28.46825,-94.48325,38,2011
28.32183333,-94.5675,43.2,2011
28.45983333,-94.649,37.3,2011
28.64966667,-94.59458333,29.4,2011
28.6555,-94.80341667,28.5,2011
28.6895,-94.81425,26.9,2011
28.88833333,-94.92458333,18.1,2011
28.99183333,-94.97141667,17.6,2011
27.9635,-94.1,81.6,2011
29.06741667,-94.82475,17.6,2011
28.94433333,-94.68491667,17.2,2011
28.03175,-93.761,77.2,2011
29.00316667,-94.4885,18.8,2011
28.017,-93.50725,88,2011
29.20375,-94.23333333,14.6,2011
28.0345,-93.42466667,92,2011
29.31533333,-94.43333333,15,2011
28.23391667,-93.50433333,60.4,2011
29.39575,-94.42466667,13.2,2011
28.39816667,-93.53508333,51.8,2011
29.5055,-94.17541667,12.8,2011
28.47783333,-93.87766667,44.3,2011
29.48783333,-94.14408333,12.8,2011
28.60983333,-93.95375,33.1,2011
29.3205,-94.25375,14.8,2011
28.61858333,-93.91083333,32.6,2011
29.06775,-94.1225,18.8,2011
28.58741667,-93.7695,34,2011
29.0395,-94.07533333,18.1,2011
28.66891667,-93.694,30.7,2011
28.9795,-93.85791667,21.2,2011
28.79033333,-93.40716667,27.8,2011
28.79116667,-93.87975,24.1,2011
28.80141667,-93.53466667,26.3,2011
28.8235,-94.36216667,25.1,2011
29.091,-93.27166667,21.4,2011
28.6035,-94.16791667,33.6,2011
29.1805,-93.28208333,18.5,2011
28.24025,-94.0155,58.7,2011
29.18333333,-93.36025,18.3,2011
29.21741667,-93.36333333,16.5,2011
29.42191667,-93.486,13.5,2011
29.448,-93.50591667,13,2011
29.58666667,-93.62141667,12.3,2011
29.5885,-93.58216667,12.3,2011
29.48566667,-93.145,13.7,2011
29.46825,-93.08583333,14.3,2011
29.4185,-92.5715,13.5,2011
29.36441667,-92.4605,11,2011
29.12191667,-92.721,21.8,2011
28.76241667,-92.17791667,33.6,2011
29.14433333,-92.87741667,20.7,2011
29.12508333,-92.90566667,21,2011
28.72475,-92.24091667,37.3,2011
28.93491667,-93.07025,23.4,2011
28.67591667,-92.32266667,38.2,2011
28.90125,-93.07841667,23.2,2011
28.557,-92.16333333,43,2011
28.72116667,-93.16525,29.1,2011
28.46491667,-92.32791667,53,2011
28.54983333,-93.10575,41.1,2011
28.23366667,-92.22208333,66.4,2011
28.01766667,-91.93741667,105.7,2011
28.50866667,-93.05991667,43.5,2011
28.063,-91.79158333,102,2011
28.38783333,-92.82041667,54.1,2011
28.22616667,-92.75541667,61.8,2011
28.1835,-91.93325,77.2,2011
28.03583333,-92.79975,93.8,2011
28.46658333,-91.99575,54.3,2011
28.66041667,-91.25033333,21.6,2011
28.47116667,-92.59566667,50.8,2011
28.48108333,-91.23433333,39.7,2011
28.7045,-92.72325,34,2011
28.399,-91.52491667,56.3,2011
28.96066667,-92.77791667,24.7,2011
28.25725,-91.39216667,73.5,2011
29.03025,-92.59158333,24,2011
28.18066667,-90.83475,90.5,2011
29.03191667,-92.15925,19.8,2011
28.5645,-90.67083333,25.4,2011
28.96208333,-92.07908333,22.1,2011
28.74891667,-90.55641667,18.7,2011
28.95808333,-92.11766667,23.4,2011
28.78541667,-89.82225,59.3,2011
28.8,-92.16025,31.1,2011
28.85158333,-89.68675,63.5,2011
28.89466667,-89.56475,64.2,2011
29.71817,-88.12633,36.6,2011
29.49183,-87.57508,64,2011
29.27025,-88.15208,98.8,2011
29.25325,-88.2995,89.6,2011
29.44633,-88.27342,51.2,2011
29.50117,-88.594,38.4,2011
29.57767,-88.8585,12.8,2011
29.69708,-88.668,19.4,2011
29.68008,-88.368,38.4,2011
29.64133,-88.23692,38.4,2011
29.88775,-87.88858,31.1,2011
29.9235,-88.15217,29.3,2011
29.89558,-88.44267,31.1,2011
30.05975,-88.47008,19.2,2011
30.18642,-88.28217,13,2011
30.09942,-88.64142,16.5,2011
30.11375,-88.64917,15,2011
30.1825,-88.65142,13,2011
28.74833,-84.05875,32.9,2011
30.09692,-86.72683,51.2,2011
30.2645,-86.18217,25.6,2011
28.69442,-84.01292,29.3,2011
30.20625,-85.95875,20.1,2011
28.65483,-83.94333,29.3,2011
30.09642,-85.99892,27.4,2011
28.53217,-84.0365,34.7,2011
30.05825,-86.01742,27.4,2011
28.476,-84.096,36.6,2011
29.72925,-85.44308,12.6,2011
29.7155,-85.44492,12.6,2011
28.43875,-84.05067,36.6,2011
29.49708,-85.60517,19.6,2011
28.38633,-83.83683,31.1,2011
29.53983,-85.19883,11.7,2011
29.43242,-85.26975,25.6,2011
28.34867,-83.97908,36.6,2011
29.21992,-85.15325,31.1,2011
29.00767,-85.03283,4.2,2011
28.29608,-84.01475,36.6,2011
28.98017,-84.72267,38.4,2011
28.15542,-84.055,42.1,2011
28.88842,-84.64167,38.4,2011
28.22567,-83.975,40.2,2011
28.8965,-84.49133,34.7,2011
28.216,-83.87875,38.4,2011
28.88817,-84.26383,29.3,2011
28.864,-84.24275,29.3,2011
28.05517,-83.7925,36.6,2011
28.69492,-84.14042,34.7,2011
28.03658,-83.63492,32.9,2011
28.02483,-83.5345,29.3,2011
27.897,-83.41783,27.4,2011
27.68775,-83.38108,29.3,2011
27.63633,-83.36633,31.1,2011
27.54175,-83.28175,31.1,2011
27.50092,-83.272,31.1,2011
27.39092,-83.14892,27.4,2011
26.90058,-83.2615,43.9,2011
26.86858,-83.19933,42.1,2011
26.78558,-83.27775,45.7,2011
26.69975,-83.71817,67.7,2011
26.57158,-83.83333,82.3,2011
26.53867,-83.82292,82.3,2011
26.51175,-83.61358,64,2011
27.1745,-83.03225,27.4,2011
26.3455,-83.57075,62.2,2011
26.27358,-83.81375,96.9,2011
27.31067,-82.97767,21.9,2011
27.36958,-82.96092,20.1,2011
26.044,-83.77275,91.4,2011
27.87717,-82.99133,10.6,2011
26.01417,-83.6445,65.8,2011
27.64208,-83.15175,23.8,2011
27.52958,-83.57908,42.1,2011
26.04083,-83.5905,67.7,2011
27.34608,-83.69558,47.5,2011
27.42492,-83.84475,54.9,2011
26.08383,-82.01933,11.9,2011
27.25433,-83.98183,71.3,2011
26.39283,-82.33075,14.6,2011
27.592,-83.9275,51.2,2011
26.49658,-82.60592,21.9,2011
27.72617,-84.17283,54.9,2011
26.44883,-82.93725,36.6,2011
27.79333,-84.3695,78.6,2011
26.59075,-83.02125,36.6,2011
28.06367,-84.45083,69.5,2011
26.837,-83.00992,34.7,2011
28.4155,-84.43958,53,2011
26.75417,-82.78525,25.6,2011
28.37075,-84.3445,47.5,2011
26.68175,-82.6595,21.9,2011
28.26858,-84.31175,51.2,2011
26.67825,-82.54617,20.1,2011
28.53458,-83.66767,25.6,2011
26.958,-82.51325,13.5,2011
28.832,-83.78492,23.8,2011
27.07233,-82.62367,15.2,2011
29.02833,-83.47175,14.4,2011
27.00883,-82.86492,25.6,2011
29.18517,-83.72717,18.8,2011
28.94658,-84.79442,42.1,2011
28.79175,-84.81033,47.5,2011
29.99817,-86.23717,42.1,2011
29.93633,-86.14108,36.6,2011
29.886,-86.10225,38.4,2011
29.81683,-86.07575,40.2,2011
29.67533,-86.04067,42.1,2011
29.44808,-85.81408,36.6,2011
29.2095,-85.4735,49.4,2011
29.0625,-85.35525,45.7,2011
28.93008,-85.23633,64,2011
28.87433,-85.24958,82.3,2011
29.00808,-85.53492,84.1,2011
29.51025,-86.01408,58.5,2011
29.5755,-86.03617,58.5,2011
29.61575,-86.23775,69.5,2011
28.91317,-90.049,33.8,2011
29.09583,-89.91875,25.8,2011
29.08275,-89.59883,19.2,2011
29.08458,-89.85333,28,2011
28.98433,-89.88458,35.7,2011
28.89508,-90.11475,30.7,2011
28.57042,-90.19858,40.2,2011
28.45958,-90.21558,41.2,2011
28.48742,-90.29992,41.2,2011
28.42442,-90.44667,50.5,2011
28.58033,-90.45658,32.9,2011
28.93117,-91.4615,12.8,2011
28.97467,-91.73633,20.1,2011
28.935,-91.90075,24.7,2011
28.817,-91.80392,30.2,2011
28.74158,-91.65208,30.2,2011
28.72717,-91.4265,25.1,2011
28.70842,-91.20142,19.9,2011
28.56575,-91.11658,31.5,2011
28.60317,-90.971,23.8,2011
28.74242,-91.01867,17.4,2011
28.79367,-90.88158,20.1,2011
28.83583,-90.562,22.5,2011
30.167,-87.51425,24,2011
30.33158,-87.06117,27.6,2011
30.08708,-87.2285,29.3,2011
29.98183,-87.27092,28.9,2011
30.00208,-87.233,31.1,2011
30.05492,-87.51567,29.8,2011
26.29116667,-96.46016667,68.8,2012
26.13183333,-96.73333333,44.3,2012
26.09641667,-96.74858333,43.9,2012
26.068,-96.89091667,35.1,2012
26.17266667,-96.9355,31.6,2012
26.3025,-96.78891667,41.9,2012
26.41033333,-96.76066667,43.7,2012
26.41608333,-96.80266667,42.4,2012
26.48716667,-96.82816667,42.8,2012
27.9625,-96.69308333,20.8,2012
26.53516667,-96.63975,65.3,2012
27.955,-96.65433333,22.7,2012
26.62475,-96.69941667,66.4,2012
27.83291667,-96.44958333,41.5,2012
26.82733333,-96.59541667,100.4,2012
27.66333333,-96.12308333,93.8,2012
26.77841667,-96.60958333,95.6,2012
27.69466667,-95.98041667,92.4,2012
26.90641667,-96.81008333,63.1,2012
27.90766667,-96.14958333,50.5,2012
26.87983333,-97.3075,16.8,2012
28.1405,-96.47375,19.9,2012
27.29875,-97.2495,17.6,2012
28.20991667,-96.41141667,19.2,2012
27.24141667,-96.97191667,38,2012
28.17483333,-96.41416667,21.2,2012
27.14,-96.69425,75.5,2012
28.30083333,-96.34916667,15.7,2012
27.10075,-96.68191667,79,2012
28.26783333,-96.35583333,18.7,2012
27.43991667,-97.00458333,29.3,2012
27.82833333,-95.841,60.4,2012
27.5245,-96.84066667,35.8,2012
28.08641667,-95.92758333,37.7,2012
27.6615,-96.39816667,63.8,2012
28.04616667,-95.92375,41.3,2012
27.62733333,-96.37883333,71.5,2012
28.1325,-95.74491667,37.7,2012
27.75308333,-96.71858333,30,2012
28.21066667,-95.91233333,28.5,2012
27.72858333,-96.68516667,34.2,2012
28.44666667,-96.10233333,14.8,2012
28.54325,-95.858,14.4,2012
28.15575,-95.6335,39.7,2012
28.04041667,-95.51908333,50.8,2012
27.93258333,-95.27691667,80.3,2012
27.889,-95.26216667,92,2012
28.02908333,-95.39766667,53.8,2012
27.98666667,-95.39116667,57.4,2012
28.23216667,-95.38325,39.7,2012
28.40275,-95.30891667,32.7,2012
28.39833333,-95.45633333,28.5,2012
28.56633333,-95.50716667,20.1,2012
28.69866667,-95.50658333,14.8,2012
28.76958333,-95.38391667,15.4,2012
28.81383333,-94.84508333,20.1,2012
27.99233333,-94.48508333,79.7,2012
29.03058333,-94.7445,18.3,2012
28.10008333,-94.19991667,60,2012
29.06208333,-94.63791667,17.9,2012
28.151,-94.1185,62.2,2012
29.06991667,-94.45583333,16.5,2012
28.21066667,-94.22525,53.9,2012
29.03616667,-94.46183333,17.6,2012
28.25016667,-94.22633333,51.4,2012
29.01458333,-94.35291667,14.3,2012
28.313,-94.29141667,47.2,2012
28.827,-94.32608333,24.5,2012
28.39741667,-93.9675,48.5,2012
28.26725,-93.87608333,60,2012
28.79208333,-94.30833333,27.2,2012
28.33716667,-93.75058333,54.9,2012
28.52658333,-94.31791667,36.9,2012
28.63016667,-94.09291667,32,2012
28.44691667,-94.46541667,39.3,2012
28.71433333,-94.09766667,27.6,2012
28.4375,-94.59533333,39.3,2012
28.67125,-94.09741667,29.6,2012
28.28875,-94.95425,44.1,2012
29.31166667,-94.30833333,16.1,2012
28.11608333,-94.757,52.3,2012
29.42266667,-94.32866667,13.7,2012
28.01583333,-94.69308333,71.3,2012
29.34825,-94.42016667,13.7,2012
28.00708333,-94.64308333,71.3,2012
29.06875,-93.94383333,19.4,2012
29.06225,-93.8435,18.7,2012
29.02808333,-93.83758333,19.2,2012
28.91475,-93.78766667,22.7,2012
28.82616667,-93.76841667,23.4,2012
28.74066667,-93.62558333,23.8,2012
28.626,-93.70125,35.7,2012
28.517,-93.72541667,40.6,2012
28.57908333,-93.1455,39,2012
28.53175,-92.77108333,44.4,2012
28.77591667,-92.94791667,28.7,2012
28.99308333,-92.9715,24,2012
28.95966667,-93.3915,24.7,2012
29.30291667,-93.44133333,17.2,2012
28.177,-93.68191667,64,2012
29.37425,-93.41866667,14.8,2012
28.142,-93.70425,67.1,2012
29.20658333,-93.35391667,17.2,2012
29.33133333,-93.14808333,15.9,2012
28.14466667,-93.53133333,68.9,2012
29.57616667,-93.03458333,12.4,2012
28.16141667,-93.48841667,63.1,2012
29.57666667,-92.99708333,11.9,2012
28.12783333,-93.36491667,73.3,2012
29.56308333,-92.93166667,11.9,2012
28.12166667,-93.32016667,75.9,2012
29.38525,-92.61116667,13.9,2012
28.09366667,-93.19516667,85.6,2012
29.28191667,-92.68075,17.2,2012
28.193,-92.93466667,69.5,2012
29.18033333,-92.89391667,19.6,2012
28.141,-92.73033333,78.8,2012
28.40208333,-92.939,52.5,2012
28.17741667,-92.74333333,73,2012
28.39691667,-92.98641667,51.4,2012
28.20808333,-92.68833333,65.8,2012
28.27033333,-93.07408333,59.3,2012
28.30466667,-92.70675,56,2012
28.37991667,-93.29591667,52.7,2012
28.32041667,-92.66433333,57.4,2012
28.29091667,-93.52741667,59.1,2012
28.14166667,-92.405,75.9,2012
28.29716667,-93.57241667,58.7,2012
28.26558333,-92.42541667,63.3,2012
28.47066667,-92.45975,53.4,2012
28.63941667,-92.37366667,36.9,2012
28.85591667,-92.35491667,30,2012
29.05791667,-92.32858333,20.5,2012
28.92433333,-91.86383333,21.2,2012
28.83766667,-92.05108333,27.8,2012
28.8085,-92.02733333,28.5,2012
28.80833333,-91.796,26.2,2012
28.69758333,-92.02925,35.5,2012
28.5305,-92.06466667,45.4,2012
29.47341667,-84.80575,23,2012
28.5015,-91.73391667,48.3,2012
29.40666667,-84.79866667,25.4,2012
28.3195,-91.81816667,64.2,2012
29.41416667,-84.51625,27.2,2012
28.05383333,-91.75233333,99.7,2012
28.82333333,-85.05516667,56,2012
28.13341667,-91.60516667,87.6,2012
28.7845,-83.94233333,29.4,2012
28.193,-91.13583333,83.9,2012
28.73533333,-83.77183333,25.8,2012
28.84191667,-83.63591667,21.4,2012
28.15333333,-91.12433333,92.4,2012
28.11,-84.02375,43.2,2012
28.20616667,-91.02741667,81.7,2012
27.98025,-84.287,59.8,2012
27.99633333,-83.95591667,46.1,2012
28.249,-90.18125,95.6,2012
27.96875,-83.54741667,32,2012
30.00883333,-87.89508333,24,2012
28.10941667,-83.23158333,21.8,2012
29.903,-87.31675,32.4,2012
27.45808333,-83.04225,20.8,2012
30.18383333,-87.30925,21.4,2012
27.22625,-82.88083333,20.5,2012
30.16116667,-86.97391667,29.1,2012
27.13258333,-83.78925,56.3,2012
30.13166667,-87.00025,28,2012
26.91883333,-83.24441667,44.4,2012
30.18941667,-86.85466667,29.1,2012
26.6505,-83.6435,63.3,2012
26.59133333,-83.61508333,62.9,2012
29.84133333,-86.15858333,45.2,2012
26.53625,-83.66891667,64.9,2012
29.81091667,-86.10066667,43,2012
26.18166667,-83.49241667,62.5,2012
26.0055,-82.42341667,24.7,2012
29.91716667,-86.1595,41.3,2012
30.10458333,-86.19983333,35.1,2012
29.70841667,-86.01516667,43.3,2012
29.03158333,-85.29583333,45.5,2012
29.76383,-87.77317,34.7,2012
29.95925,-88.31092,29.3,2012
29.98792,-88.40933,27.4,2012
30.11892,-88.191,18.5,2012
30.12633,-88.25142,19.4,2012
30.07617,-88.32233,19,2012
30.073,-88.44908,17.2,2012
29.07108,-88.90908,67.7,2012
30.15625,-88.59792,12.8,2012
29.14092,-88.85433,75,2012
30.02533,-86.6205,56.7,2012
29.11533,-88.76267,84.1,2012
29.13692,-88.6425,54,2012
29.95575,-86.39225,65.8,2012
29.25275,-88.793,64,2012
29.81433,-86.14775,42.1,2012
29.33092,-88.27767,64,2012
29.58842,-85.9755,40.2,2012
29.48275,-88.45458,49.4,2012
29.43717,-85.95717,51.2,2012
29.45575,-85.72725,32.9,2012
29.7665,-88.25367,34.7,2012
29.72133,-88.15417,34.7,2012
29.28867,-85.64592,56.7,2012
29.33033,-85.44658,36.6,2012
29.20867,-85.37167,40.2,2012
29.18867,-85.32592,34.7,2012
29.20233,-85.04083,29.3,2012
28.9765,-85.09092,47.5,2012
28.94292,-85.23267,64,2012
28.86008,-84.68883,42.1,2012
28.86608,-84.42658,34.7,2012
26.7235,-83.66908,62.2,2012
26.51425,-83.37808,51.2,2012
27.69433,-82.93542,11.3,2012
26.58092,-83.27692,45.7,2012
27.33333,-82.72383,11.7,2012
26.5595,-83.25358,45.7,2012
27.21492,-82.60425,9.9,2012
26.493,-83.14842,43.9,2012
27.28242,-82.80983,13.9,2012
26.39442,-83.23383,49.4,2012
27.34733,-82.79208,13,2012
26.27108,-83.21192,49.4,2012
27.35517,-82.93742,18.7,2012
26.08292,-83.12075,49.4,2012
27.02342,-83.13158,34.7,2012
26.2165,-83.36658,54.9,2012
26.9885,-83.12342,36.6,2012
26.17167,-83.38142,54.9,2012
26.77425,-83.191,42.1,2012
26.15833,-83.48783,60.4,2012
26.73425,-83.20867,42.1,2012
26.08592,-83.62317,67.7,2012
26.823,-83.34725,47.5,2012
26.03633,-82.16475,17.9,2012
26.969,-83.37575,45.7,2012
26.05392,-81.91425,10.4,2012
27.01808,-83.41767,45.7,2012
26.29267,-81.95233,10.2,2012
26.50133,-82.30967,11.7,2012
27.07983,-83.41092,45.7,2012
26.44467,-82.6265,23.8,2012
27.16483,-83.47267,45.7,2012
26.32092,-82.8135,31.1,2012
27.13025,-83.56767,49.4,2012
26.50658,-82.53108,20.1,2012
27.48733,-83.25283,31.1,2012
26.67158,-82.39117,13.4,2012
27.67867,-83.46967,34.7,2012
26.89092,-82.60008,19.6,2012
27.13125,-83.65267,53,2012
27.04967,-83.69042,56.7,2012
27.28967,-84.22858,93.3,2012
27.49733,-84.35733,100.6,2012
27.49925,-84.31308,89.6,2012
27.73808,-84.15033,51.2,2012
27.97842,-83.72225,38.4,2012
27.97758,-83.66517,34.7,2012
28.65442,-83.90567,29.3,2012
27.91825,-83.64567,36.6,2012
28.60658,-83.89692,29.3,2012
27.82775,-83.30267,27.4,2012
28.517,-83.79083,29.3,2012
27.865,-83.21875,23.8,2012
28.70475,-83.69,23.8,2012
28.02825,-83.28925,23.8,2012
28.7285,-83.60292,21.9,2012
28.28508,-83.2475,19,2012
29.05058,-83.48217,14.4,2012
28.3825,-83.252,17.9,2012
29.32717,-83.56975,13,2012
28.33367,-83.29733,18.5,2012
29.35017,-83.77942,17.7,2012
28.21758,-83.56,25.6,2012
29.30808,-83.99617,20.1,2012
29.24383,-83.93317,20.1,2012
28.46017,-83.61833,25.6,2012
29.17925,-83.90833,21.9,2012
28.30175,-83.67117,29.3,2012
29.17683,-83.99067,21.9,2012
28.34175,-83.77425,31.1,2012
29.09792,-84.061,25.6,2012
28.24967,-83.78875,32.9,2012
28.97817,-84.24117,27.4,2012
28.1465,-83.8625,38.4,2012
29.23117,-84.2225,25.6,2012
28.19783,-84.01583,38.4,2012
29.16367,-84.64692,31.1,2012
28.03733,-84.3365,62.2,2012
29.32192,-84.67375,29.3,2012
28.08992,-84.57258,73.2,2012
29.72417,-83.9385,13.4,2012
28.49017,-84.78408,58.5,2012
29.74475,-84.1915,11.9,2012
28.66208,-84.17925,34.7,2012
29.652,-84.60067,18.1,2012
28.76033,-84.19308,34.7,2012
29.63017,-84.66033,16.6,2012
29.56933,-84.856,12.1,2012
29.34283,-85.03725,20.1,2012
29.225,-84.99683,29.3,2012
29.56675,-85.69983,31.1,2012
29.85083,-85.47325,10.6,2012
29.843,-86.09325,40.2,2012
29.97658,-86.20125,43.9,2012
30.08742,-86.28392,36.6,2012
30.17058,-86.42517,31.1,2012
29.05625,-90.06917,17.4,2012
29.2075,-89.83233,13.7,2012
28.93658,-89.45625,11.2,2012
28.93633,-89.3555,12.6,2012
28.90008,-89.55683,61.8,2012
28.8375,-89.85217,48.5,2012
28.88833,-89.89817,39.9,2012
28.74475,-91.01208,47.8,2012
28.49417,-90.10733,66.8,2012
28.50683,-90.14217,58.4,2012
28.51133,-90.25067,49.8,2012
28.70592,-90.40075,21,2012
28.72383,-90.50075,19,2012
28.62775,-90.43467,23,2012
28.51325,-90.46967,38.8,2012
28.32683,-90.8585,54.9,2012
28.491,-91.12,35.7,2012
28.92408,-90.26792,20.7,2012
28.35592,-91.21083,59.8,2012
28.40992,-91.55025,56.9,2012
28.602,-91.65167,37.5,2012
28.62692,-91.7055,36.8,2012
28.71092,-91.56958,28.4,2012
28.84425,-91.32142,12.1,2012
28.771,-91.21825,13,2012
28.76325,-90.99717,16.1,2012
28.80858,-90.82417,18.5,2012
28.94542,-90.79117,11.7,2012
30.01392,-87.8895,15.5,2012
29.79483,-87.77442,21.8,2012
29.78767,-87.44117,21.8,2012
29.92183,-87.24233,29.5,2012
30.14725,-86.847,21.3,2012
30.17042,-87.03133,14.2,2012
30.18267,-87.21225,12.8,2012
26.38933333,-96.40866667,78.1,2013
26.34458333,-96.37683333,80.1,2013
26.39208333,-96.69525,45.2,2013
26.08125,-96.744,43.9,2013
26.23383333,-97.08491667,18.7,2013
26.52083333,-97.02683333,32.9,2013
26.44075,-96.9345,36.2,2013
26.5895,-97.22633333,15.9,2013
27.88241667,-96.3485,43.3,2013
27.75366667,-96.34441667,58.7,2013
26.959,-97.00166667,40.6,2013
27.643,-96.16966667,93.8,2013
26.93091667,-96.9685,43.2,2013
27.866,-95.8675,57.6,2013
26.88691667,-96.59583333,97.3,2013
28.09816667,-95.98308333,35.7,2013
26.94825,-96.59408333,97.3,2013
28.24566667,-96.35183333,19.9,2013
27.01533333,-96.74758333,71.7,2013
28.31683333,-96.06616667,22.3,2013
27.2655,-96.52466667,91.8,2013
28.27625,-96.06841667,22.9,2013
27.371,-96.577,75.9,2013
28.53466667,-95.87625,15.4,2013
27.34533333,-96.76775,55,2013
28.48233333,-95.77791667,20.8,2013
27.46525,-96.8155,41.9,2013
28.208,-95.74691667,33.5,2013
27.58083333,-97.03816667,22.7,2013
27.877,-95.7415,57.6,2013
27.54166667,-97.03625,24.3,2013
27.85375,-95.70091667,61.6,2013
27.64675,-96.897,27.1,2013
28.02758333,-95.41425,54.3,2013
27.89116667,-96.81658333,19.4,2013
28.07241667,-95.18583333,54.7,2013
27.88541667,-96.68125,25.1,2013
28.15116667,-95.46783333,45,2013
28.35233333,-95.38516667,32.9,2013
27.88841667,-96.49941667,33.5,2013
28.32366667,-95.40741667,33.6,2013
28.04191667,-96.43366667,26,2013
28.44825,-95.29525,32.4,2013
28.83641667,-95.02725,19.4,2013
28.53891667,-94.97091667,31.6,2013
28.37516667,-94.95075,37.9,2013
28.31225,-95.09766667,39.1,2013
28.25191667,-94.70225,47.2,2013
28.22208333,-94.46458333,50.8,2013
28.27983333,-94.49166667,47.4,2013
28.46191667,-94.24391667,40.8,2013
28.87841667,-92.53725,28.5,2013
28.47925,-94.44808333,37.3,2013
29.04208333,-92.31141667,20.8,2013
28.7195,-94.2915,27.6,2013
29.01375,-92.72291667,24.9,2013
28.64283333,-94.27991667,32.4,2013
29.10083333,-92.82266667,22.3,2013
28.8725,-94.54991667,19.2,2013
29.14508333,-92.92108333,20.7,2013
28.89575,-94.64208333,22.1,2013
29.46883333,-94.03383333,13,2013
28.91216667,-94.98258333,19.2,2013
29.43033333,-94.36075,13.4,2013
29.05491667,-94.78583333,18.1,2013
29.33208333,-94.34341667,15.2,2013
29.10983333,-94.6885,18.1,2013
29.30108333,-94.45225,14.3,2013
28.94975,-94.14008333,19.6,2013
28.60833333,-93.798,33.3,2013
28.95608333,-93.84825,21.9,2013
28.591,-93.60591667,36.8,2013
28.86716667,-93.81391667,23.6,2013
28.2695,-94.02725,57.4,2013
28.71175,-93.48683333,28,2013
28.08216667,-94.1655,65.3,2013
28.86808333,-93.3025,25.2,2013
28.00491667,-94.03591667,80.7,2013
28.82616667,-92.846,27.2,2013
28.1445,-93.89908333,68.9,2013
28.72716667,-92.75833333,31.8,2013
28.09866667,-93.71283333,67.7,2013
28.13591667,-93.63866667,63.6,2013
28.74358333,-92.66233333,32,2013
28.20008333,-93.53475,63.1,2013
28.80775,-92.49325,32.7,2013
28.20108333,-93.46133333,59.4,2013
28.1745,-93.39308333,63.6,2013
28.08483333,-93.11716667,86.3,2013
28.05108333,-93.08241667,92.5,2013
28.14975,-92.91291667,73.9,2013
28.05575,-92.39808333,97.1,2013
28.17775,-92.39733333,69.9,2013
28.13883333,-92.37275,77,2013
28.15016667,-92.54775,74.8,2013
28.28808333,-92.6195,60.5,2013
28.39583333,-92.73925,53.4,2013
28.30466667,-90.12833333,90.2,2013
28.49483333,-92.95008333,46.1,2013
28.711,-91.83991667,31.8,2013
28.6855,-90.23675,33.5,2013
28.85425,-91.65858333,21.4,2013
28.7225,-90.09941667,41.3,2013
28.85916667,-91.5485,19.8,2013
28.9635,-89.90391667,32.9,2013
28.57991667,-91.71941667,40.1,2013
29.01608333,-89.78208333,36.6,2013
28.49433333,-91.74258333,50.8,2013
28.69441667,-89.79425,89.2,2013
28.12116667,-91.93391667,86.7,2013
28.91483333,-89.25483333,45.4,2013
28.08958333,-91.895,90,2013
28.18433333,-91.60516667,79.7,2013
28.45233333,-91.63475,52.1,2013
28.56366667,-91.34783333,33.5,2013
28.40116667,-91.11741667,47,2013
28.36341667,-91.01,49,2013
28.49041667,-90.48058333,39.5,2013
28.40441667,-90.44883333,47,2013
28.27433333,-90.25058333,83.4,2013
29.16225,-84.79733,34.8,2013
30.2205,-87.02742,26.6,2013
29.16333,-84.696,33.5,2013
30.2195,-87.037,27.9,2013
28.8985,-84.6295,40.9,2013
28.86342,-84.64533,42.6,2013
30.137,-86.87883,43.1,2013
28.95467,-84.78092,42.3,2013
30.26175,-86.58775,24.6,2013
28.76092,-84.62958,42,2013
28.72075,-84.576,44,2013
30.3745,-86.53975,8,2013
28.58683,-84.83117,53.6,2013
28.57392,-84.67808,55,2013
30.32417,-86.47058,23.8,2013
28.42267,-84.38475,43.8,2013
30.24033,-86.35367,30.6,2013
28.39408,-84.39892,49.9,2013
29.45575,-85.16183,22.8,2013
28.22983,-84.34133,56,2013
29.48308,-85.07267,13.3,2013
28.193,-84.51867,67.7,2013
29.41908,-84.895,24.9,2013
27.95492,-84.30667,63.1,2013
29.36833,-84.90908,24.6,2013
27.81158,-84.31725,67.2,2013
29.26833,-85.02083,29.6,2013
27.8895,-84.04608,51.8,2013
29.24917,-85.21708,33.6,2013
27.81217,-83.78208,42.5,2013
29.07633,-84.96083,34.4,2013
27.56933,-84.03825,61.4,2013
27.51658,-84.09858,68,2013
27.58408,-84.30458,80,2013
27.26233,-84.072,71.8,2013
27.05033,-84.1685,103.3,2013
27.16267,-83.93908,70.5,2013
27.29492,-83.56733,47.4,2013
27.12517,-83.65292,54.3,2013
27.06842,-83.69417,56.8,2013
27.03883,-83.65158,56.8,2013
26.84783,-83.85533,74.8,2013
26.66983,-83.73692,69.8,2013
26.60533,-83.74767,76.2,2013
26.36533,-83.86358,103.7,2013
26.65867,-82.58242,20.8,2013
26.32508,-83.80867,91.2,2013
26.42117,-82.43183,17.1,2013
26.32325,-83.62758,65.7,2013
26.35367,-82.27125,12.7,2013
26.05308,-83.56858,69,2013
26.33667,-82.05592,9.8,2013
26.08508,-83.12883,49.6,2013
26.1395,-82.12525,15.7,2013
26.18858,-83.04867,43.9,2013
26.0275,-82.00283,12.4,2013
26.35875,-83.02233,39.6,2013
26.11525,-82.29767,20.1,2013
26.41133,-83.29058,51,2013
26.0495,-82.55917,27.6,2013
26.77758,-83.36167,50.9,2013
26.34342,-82.7085,28.1,2013
26.90275,-83.27092,44.6,2013
26.63325,-82.88975,31.9,2013
26.95742,-83.37767,48.5,2013
26.78467,-83.07383,38,2013
27.36617,-83.01933,20.4,2013
26.8825,-82.81842,27.6,2013
27.14075,-82.92758,25.1,2013
26.9375,-82.97758,34,2013
27.41217,-83.29742,34,2013
27.08833,-82.93108,26.9,2013
27.47392,-83.26392,33.4,2013
26.87875,-82.64333,20.6,2013
27.63575,-83.53967,39.1,2013
27.81583,-83.48742,32.8,2013
27.67217,-83.10767,20.1,2013
27.76017,-83.11525,18.9,2013
27.98917,-82.85525,5.3,2013
28.13633,-82.98858,10.2,2013
28.36067,-83.43183,21.4,2013
28.141,-83.69175,33.5,2013
28.97742,-83.71333,20.9,2013
28.95833,-83.79275,23.6,2013
28.82358,-83.90108,28.8,2013
28.67758,-84.11342,35.1,2013
28.87467,-84.31325,33,2013
29.03242,-89.08917,7.8,2013
29.34658,-84.14783,23.4,2013
29.01533,-89.00742,66.2,2013
29.442,-83.73417,13.1,2013
29.238,-88.76608,65,2013
29.83083,-83.77392,5.2,2013
29.19083,-88.631,78.2,2013
29.642,-84.76983,7.8,2013
29.22592,-88.59767,72.2,2013
29.52808,-84.94267,11.3,2013
28.8145,-85.0935,70,2013
29.53342,-88.57042,41.8,2013
29.54508,-85.57275,21.6,2013
29.389,-87.80767,79.3,2013
29.663,-85.719,30.9,2013
29.46167,-87.75008,68,2013
29.6265,-85.92925,40,2013
29.68617,-88.184,35.6,2013
29.50983,-85.87617,40.8,2013
29.66033,-88.34467,38.4,2013
29.4475,-85.88608,44.1,2013
29.7285,-88.47058,34.5,2013
29.38125,-85.8365,50.8,2013
29.76225,-88.58833,26.8,2013
29.62175,-86.2085,67.5,2013
29.77133,-88.65817,18.9,2013
29.68117,-86.26108,67.5,2013
29.80742,-86.35542,80.8,2013
29.83858,-86.34417,77.5,2013
29.44525,-88.931,12.9,2013
30.10225,-87.57175,26,2013
30.16375,-87.85142,11.8,2013
30.12133,-88.36058,18.9,2013
30.02508,-88.33458,22.3,2013
30.01633,-88.466,26.8,2013
29.1785,-89.94683,12.3,2013
28.87,-90.25933,22.6,2013
29.26467,-91.6155,5.4,2013
29.26467,-91.54367,3,2013
28.852,-90.23842,22.5,2013
28.90883,-90.67358,9.1,2013
28.90808,-90.32075,20.4,2013
28.92658,-90.56108,10.6,2013
28.75808,-90.36958,18,2013
28.99733,-90.50058,12.9,2013
28.95017,-91.44383,12.1,2013
29.11083,-91.78542,6.9,2013
29.14458,-92.12775,12.5,2013
29.21475,-92.58608,19.2,2013
29.2945,-92.83425,18.3,2013
29.23433,-92.88067,20.1,2013
29.28342,-93.40233,16.8,2013
29.311,-93.43308,18.3,2013
29.31817,-93.5855,14.9,2013
29.549,-93.45433,13.4,2013
29.667,-93.60808,10.6,2013
29.68725,-93.62775,9,2013
29.72783,-93.67667,6,2013
29.71117,-93.41417,6.4,2013
29.68458,-93.21167,9.4,2013
29.4935,-93.06158,14.4,2013
29.35242,-92.81383,17.5,2013
29.37042,-91.96425,6.7,2013
29.31508,-91.91575,5.2,2013
26.08758333,-96.80366667,41.9,2014
26.099,-96.91491667,34,2014
25.9965,-97.03991667,24,2014
26.10958333,-96.99891667,26.7,2014
26.23,-96.90058333,36.9,2014
26.32958333,-97.00033333,30.2,2014
26.45008333,-97.00541667,33.3,2014
26.33316667,-96.7355,42.6,2014
26.34166667,-96.58616667,54.1,2014
26.29616667,-96.56891667,52.3,2014
26.34591667,-96.52833333,62,2014
26.72225,-96.66775,83.8,2014
26.6965,-96.79033333,60.4,2014
26.7135,-96.82708333,55.8,2014
27.138,-96.61708333,88,2014
27.125,-96.88625,52.1,2014
27.31358333,-97.21458333,21.8,2014
27.34583333,-97.18275,22.5,2014
28.45691667,-95.88533333,19.2,2014
27.4635,-97.20608333,16.5,2014
28.39666667,-95.8195,23.6,2014
27.34125,-96.72908333,60.5,2014
28.48225,-95.60808333,24,2014
27.37391667,-96.63683333,68,2014
28.457,-95.44241667,29.1,2014
27.459,-96.47258333,79.7,2014
28.08633333,-95.40183333,49,2014
27.53225,-96.77975,40.4,2014
28.219,-95.33016667,41.3,2014
27.62441667,-96.8075,32.7,2014
28.39925,-95.2715,34.2,2014
27.65225,-96.91325,26,2014
28.4775,-95.2205,31.6,2014
27.77041667,-97.03583333,12.4,2014
28.47366667,-95.09958333,34,2014
27.62608333,-96.43775,64.6,2014
28.66641667,-95.35125,20.7,2014
27.65158333,-96.39391667,66.8,2014
28.71791667,-95.23591667,21.6,2014
27.62175,-96.3305,77.9,2014
28.92766667,-95.10616667,16.6,2014
27.72675,-95.80775,75.3,2014
29.19375,-94.78183333,12.6,2014
27.87783333,-96.07841667,57.8,2014
29.19058333,-94.74541667,13.9,2014
28.0345,-96.12708333,37.5,2014
29.0355,-94.50466667,16.5,2014
27.98441667,-96.55791667,25.4,2014
29.02041667,-94.29991667,17.2,2014
28.33825,-94.947,38.8,2014
28.08775,-96.44658333,23.8,2014
28.18008333,-94.83716667,50.8,2014
28.11708333,-96.3175,25.4,2014
28.12,-94.7905,52.3,2014
28.15208333,-96.28808333,24.1,2014
28.06108333,-94.68358333,59.3,2014
27.99591667,-94.68808333,74.2,2014
28.40508333,-96.1135,17,2014
28.2165,-94.36866667,49.2,2014
28.16766667,-94.3605,54.5,2014
28.46975,-95.98358333,16.6,2014
28.21983333,-94.01525,59.8,2014
28.43291667,-93.84666667,47.9,2014
28.36583333,-93.64041667,52.5,2014
28.57325,-93.63641667,36.4,2014
28.614,-93.87058333,32,2014
28.45141667,-94.36841667,39.3,2014
28.82791667,-94.13608333,25.1,2014
28.16933333,-92.7175,71.5,2014
29.2555,-94.02916667,14.4,2014
28.15591667,-92.89083333,73.9,2014
29.09441667,-94.12508333,18.7,2014
28.34783333,-93.37058333,54.3,2014
29.08458333,-94.16291667,18.8,2014
28.39683333,-93.42683333,51.4,2014
28.96541667,-94.19575,19,2014
28.51633333,-93.47941667,41.1,2014
29.21066667,-94.24225,14.4,2014
28.56633333,-93.34816667,38.8,2014
29.32541667,-94.2675,15,2014
29.15141667,-93.16583333,19.8,2014
29.49058333,-94.06583333,12.3,2014
29.27675,-93.38775,16.8,2014
29.44683333,-94.345,12.6,2014
29.34141667,-93.41483333,16.3,2014
29.35075,-94.45575,13.4,2014
29.27525,-93.51066667,13.2,2014
29.08591667,-93.92566667,19.2,2014
29.33641667,-93.74075,14.4,2014
28.04116667,-93.97191667,71.9,2014
29.32166667,-93.8395,14.3,2014
28.049,-93.53416667,84.3,2014
29.36016667,-93.90116667,13,2014
28.02816667,-92.51033333,93.3,2014
29.54091667,-93.8665,12.8,2014
28.04008333,-92.54258333,102.6,2014
29.59675,-93.69591667,11.7,2014
29.6175,-93.48291667,12.4,2014
29.54125,-93.09608333,13,2014
29.52325,-93.04566667,13.2,2014
29.50383333,-92.8655,12.8,2014
29.35558333,-92.97566667,16.8,2014
29.21283333,-93.02308333,19.6,2014
29.2175,-92.57633333,18.1,2014
29.13316667,-92.45933333,18.7,2014
29.035,-92.40691667,23.4,2014
28.87875,-92.79766667,26,2014
28.85541667,-93.08383333,25.2,2014
28.85791667,-93.10816667,24.3,2014
28.7995,-93.15725,26.5,2014
28.7045,-92.98641667,32.9,2014
28.52533333,-93.094,42.4,2014
28.69225,-91.89791667,34.4,2014
28.54033333,-92.9245,43,2014
28.7195,-91.85391667,32.2,2014
28.62541667,-92.75083333,36.8,2014
28.77916667,-91.67916667,25.8,2014
28.76175,-92.70516667,31.1,2014
28.847,-91.65341667,22.5,2014
28.406,-92.51333333,56,2014
28.83425,-92.0285,27.2,2014
28.34366667,-92.08958333,59.6,2014
29.03675,-92.08508333,18.8,2014
28.26175,-92.14375,66,2014
29.04708333,-92.18008333,19.4,2014
28.13,-92.28783333,79.7,2014
29.06108333,-92.11925,17.7,2014
28.20508333,-91.74025,76.3,2014
28.1525,-91.45008333,93.6,2014
29.10125,-91.97183333,12.8,2014
28.96816667,-91.57666667,14.1,2014
28.19683333,-91.16316667,86.3,2014
28.853,-91.33766667,12.4,2014
28.34233333,-91.33575,63.6,2014
28.4545,-91.22808333,43.3,2014
28.78516667,-91.25091667,13.7,2014
28.46641667,-91.6535,51.6,2014
28.7265,-91.16391667,13.5,2014
28.51458333,-91.7735,47.9,2014
28.65125,-91.18083333,19.9,2014
28.49725,-91.90358333,49.2,2014
28.26958333,-90.79958333,65.7,2014
28.29466667,-90.72275,58.3,2014
28.32841667,-90.45833333,53.2,2014
28.24508333,-90.22833333,96.7,2014
28.45341667,-90.04808333,77.2,2014
28.50841667,-90.03675,74.6,2014
28.56108333,-90.10675,60.4,2014
28.65966667,-90.38933333,21.8,2014
28.61983333,-90.37291667,32.9,2014
28.56025,-90.48633333,32.9,2014
28.61575,-90.71316667,18.7,2014
28.7815,-83.83908,26.3,2014
28.61516667,-90.75916667,18.3,2014
28.76058,-83.91558,29.1,2014
28.6045,-90.84666667,20.1,2014
28.81583,-84.05125,30.9,2014
28.66892,-84.15108,35.7,2014
28.63358333,-90.93475,18.8,2014
28.54408,-84.13192,38.8,2014
28.52567,-84.1065,37.5,2014
28.76908333,-90.69883333,18.7,2014
28.58275,-83.80317,29.1,2014
28.96341667,-89.89533333,33.5,2014
28.44683,-83.6285,26.5,2014
26.8085,-83.32083,48.5,2014
28.66525,-89.66283333,98.4,2014
26.16533,-83.09817,48.3,2014
28.90141667,-89.22916667,55.6,2014
26.282,-82.59158,25.4,2014
28.95166667,-89.205,19,2014
28.92466667,-89.10666667,71.9,2014
30.07308333,-85.84558333,25.4,2014
29.18841667,-84.79758333,31.3,2014
29.06841667,-84.62175,34.9,2014
29.027,-84.29491667,29.6,2014
29.292,-84.21941667,26.7,2014
29.613,-84.56041667,17.4,2014
29.69983333,-84.253,16.3,2014
29.30616667,-84.06016667,22.9,2014
29.02041667,-83.559,17.6,2014
28.73508333,-83.68433333,23.8,2014
30.11575,-87.34067,27,2014
30.19867,-86.86442,29,2014
29.94425,-86.3725,68,2014
29.71417,-86.04058,46,2014
29.57442,-86.23225,99,2014
29.57742,-86.21958,110,2014
29.52642,-86.1085,83,2014
29.42692,-85.68525,35,2014
29.5175,-85.52017,24,2014
29.29742,-85.48575,45,2014
29.05967,-85.44808,59,2014
28.82575,-85.29192,106,2014
28.8315,-85.03825,57,2014
29.13125,-84.90442,35,2014
27.84175,-84.29333,64,2014
28.925,-84.87058,46,2014
27.776,-83.93133,52,2014
29.04833,-84.56025,35,2014
27.70783,-83.95092,54,2014
28.922,-84.42033,35,2014
27.45083,-83.81258,55,2014
28.76342,-84.59008,45,2014
27.42692,-84.21483,79,2014
28.70908,-84.50633,41,2014
27.13233,-84.11675,94,2014
28.74033,-84.37467,38,2014
27.22858,-84.01492,78,2014
28.64867,-84.31275,37,2014
27.07217,-83.83492,68,2014
28.53625,-84.47517,48,2014
27.15358,-83.74883,54,2014
28.36425,-84.34767,47,2014
27.04433,-83.71917,61,2014
28.41558,-84.25483,42,2014
26.76683,-83.48808,57,2014
28.19017,-84.02475,41,2014
26.49858,-83.81167,92,2014
28.19033,-83.96267,42,2014
26.50092,-83.88967,110,2014
28.14533,-84.00008,42,2014
28.11517,-84.13875,48,2014
26.36425,-83.70233,75,2014
28.08017,-84.51917,73,2014
26.11225,-82.76317,35,2014
26.03192,-83.28675,57,2014
28.12192,-84.60333,76,2014
26.166,-83.46592,61,2014
27.906,-84.41458,81,2014
26.254,-83.34358,56,2014
26.32858,-83.20942,50,2014
26.39717,-83.17842,48,2014
26.48775,-83.21792,48,2014
26.89158,-83.21475,42,2014
26.94117,-83.15842,40,2014
27.1125,-83.3165,42,2014
26.02483,-82.35425,23,2014
27.35192,-83.39158,41,2014
26.22158,-82.4475,20,2014
27.53892,-83.40942,37,2014
26.68533,-82.56517,19.9,2014
27.569,-83.48967,40,2014
26.99783,-82.81058,25,2014
27.57133,-83.58817,42,2014
27.45783,-83.04092,20,2014
27.75575,-83.64983,42,2014
28.0745,-83.50117,28,2014
27.94158,-83.51017,32,2014
28.19267,-83.73725,34,2014
27.76067,-83.24183,25,2014
28.22933,-83.28233,19.1,2014
27.75217,-83.07192,18,2014
28.453,-83.25925,18.3,2014
27.669,-82.97867,13,2014
28.91875,-83.88425,24,2014
27.759,-82.88867,24,2014
28.05442,-82.96517,10.2,2014
29.48767,-84.13433,22,2014
27.54183,-82.805,9.2,2014
29.57617,-84.13075,19.5,2014
27.24217,-82.56583,7.1,2014
27.17542,-82.59708,11,2014
29.87108,-84.21342,7.4,2014
26.88067,-82.36858,8,2014
29.616,-84.36433,20,2014
29.66308,-84.54933,14.5,2014
26.87492,-82.35808,7.4,2014
29.44742,-84.7755,25,2014
26.83067,-82.40108,10.4,2014
26.8045,-82.41183,11.2,2014
29.41408,-84.971,20,2014
26.7715,-82.29075,8.3,2014
29.25533,-85.17225,32,2014
26.41567,-82.22,10,2014
26.42692,-82.1725,7.1,2014
29.34325,-85.20917,25,2014
29.22175,-85.28017,28,2014
29.66267,-85.39125,9,2014
29.74433,-85.65408,28,2014
29.86467,-85.61408,23,2014
29.87833,-85.67533,25,2014
30.00692,-85.7405,21,2014
30.07175,-88.34917,19.6,2014
30.321,-86.53992,22,2014
30.17875,-88.38717,9.1,2014
30.35392,-86.72742,22,2014
30.28,-86.90442,21,2014
30.08908,-87.625,26,2014
30.14667,-87.83717,14,2014
30.14825,-87.94875,13,2014
29.56692,-88.89667,10.6,2014
29.48142,-88.95183,12.3,2014
29.362,-88.86933,26,2014
29.35133,-88.70108,55,2014
29.44575,-88.61908,46.1,2014
29.53658,-88.4925,47,2014
29.6765,-88.39925,39,2014
29.64725,-88.173,38,2014
29.70275,-88.13233,36,2014
29.76675,-88.24058,36,2014
29.84842,-88.413,32.9,2014
29.85358,-88.496,30,2014
29.93608,-88.67442,18.5,2014
30.15758,-88.02742,8.9,2014
30.00692,-88.14567,24.1,2014
29.79042,-87.762,34.6,2014
26.53617,-96.58842,71.9,2015
26.41083,-96.56392,60.9,2015
26.2815,-96.3825,77.7,2015
26.0985,-96.64058,48.8,2015
26.08842,-96.708,44.1,2015
26.20692,-97.0105,27.8,2015
26.23142,-97.09792,18.1,2015
26.35017,-97.02633,26,2015
26.53342,-96.92242,37.3,2015
26.76525,-97.1235,29.8,2015
26.96925,-97.22375,24.3,2015
26.92325,-97.00683,39,2015
27.04517,-96.91142,49.2,2015
26.87875,-96.71583,78.5,2015
27.10917,-96.66483,81.7,2015
27.258,-96.67433,70.8,2015
29.01142,-92.97525,23.6,2015
27.51392,-96.80708,39,2015
29.0205,-93.027,23.4,2015
27.52858,-97.05575,22.3,2015
29.12,-93.173,19.8,2015
27.44233,-97.06117,24.9,2015
29.33192,-93.49925,15.5,2015
27.48358,-97.1635,17.9,2015
29.001,-93.908,19.2,2015
27.92242,-96.81308,17.4,2015
29.01617,-93.98558,20.5,2015
27.92008,-96.73667,20.8,2015
28.84375,-94.20783,23,2015
27.84542,-96.58667,31.3,2015
28.81392,-94.17358,24.5,2015
27.8035,-96.66067,30,2015
28.67167,-94.34175,27.1,2015
27.76817,-96.50733,43.2,2015
28.41733,-94.1245,43.2,2015
27.667,-96.17775,86.3,2015
28.37908,-94.05292,46.6,2015
27.76975,-96.23583,64,2015
28.31675,-93.95933,54.7,2015
28.12642,-96.58092,17,2015
28.03558,-94.184,67.5,2015
28.20033,-96.2265,23.8,2015
28.07167,-94.57575,57.1,2015
28.31308,-96.04458,21.9,2015
28.25375,-94.48508,47,2015
28.43208,-96.12242,15.7,2015
28.39642,-94.37192,41.5,2015
28.41858,-96.075,18.1,2015
28.47183,-94.46967,36.8,2015
28.50017,-95.88992,17.4,2015
29.02208,-92.92575,24.3,2015
28.40133,-94.61958,39.5,2015
28.374,-94.77308,38.8,2015
27.99383,-94.86958,78.5,2015
28.09217,-94.96625,56,2015
27.992,-95.02825,80.3,2015
27.88175,-95.31867,92.2,2015
28.13,-95.325,47.5,2015
29.12233,-94.856,14.4,2015
28.94175,-95.14517,15,2015
27.7325,-95.71875,78.3,2015
28.87542,-95.058,19,2015
27.7615,-96.00533,72.2,2015
28.747,-95.381,16.1,2015
27.91842,-96.1065,50.5,2015
28.75767,-94.97275,21,2015
28.04325,-95.949,40.1,2015
28.59967,-95.0405,28.3,2015
27.969,-95.82467,49.2,2015
28.56042,-95.04408,29.1,2015
28.22183,-95.53,36.6,2015
28.6875,-93.889,26.7,2015
28.18008,-95.5325,39.1,2015
28.622,-93.74967,33.8,2015
28.4235,-95.56858,27.4,2015
28.45283,-93.89,45,2015
28.44617,-95.3395,31.1,2015
28.33483,-93.75383,55.6,2015
28.52383,-95.4065,25.8,2015
28.43733,-93.66483,47,2015
29.49017,-94.30125,10.8,2015
28.41767,-93.43817,50.3,2015
29.42008,-94.11942,13,2015
28.34225,-93.3065,53.9,2015
27.97625,-93.73325,92.9,2015
29.41617,-94.23992,13,2015
28.02225,-93.28542,94.9,2015
29.24975,-94.31142,14.8,2015
28.108,-92.85933,80.3,2015
28.0995,-92.51317,91.6,2015
29.2135,-94.13933,15.5,2015
28.09183,-92.32067,88.5,2015
28.05225,-92.05417,100.6,2015
28.99667,-94.54525,18.3,2015
28.0655,-91.94008,90.5,2015
28.94217,-94.64483,17.7,2015
28.97825,-94.78592,17.4,2015
28.21467,-92.32742,66.6,2015
29.14558,-94.73342,16.5,2015
28.40442,-92.72775,53.6,2015
29.17675,-94.72042,14.6,2015
28.42808,-93.12808,48.5,2015
29.19792,-94.76908,11.5,2015
28.51892,-92.99358,42.2,2015
28.50867,-93.06308,42.4,2015
28.78617,-91.9345,29.3,2015
28.87117,-91.95333,25.1,2015
28.72792,-93.37925,29.1,2015
28.89983,-91.65333,18.8,2015
28.844,-93.05542,26.3,2015
28.89217,-91.6065,18.1,2015
28.99433,-93.09633,23.6,2015
28.79383,-91.45392,19.4,2015
28.9725,-93.476,20.8,2015
28.67608,-91.27575,20.1,2015
29.02133,-93.42717,21,2015
28.57358,-91.21192,28.7,2015
29.05608,-93.34642,21,2015
28.60183,-91.33608,29.1,2015
29.29842,-93.09158,16.8,2015
28.57933,-91.45042,33.6,2015
29.18842,-92.52708,16.8,2015
29.109,-92.415,18.5,2015
28.3945,-91.66717,56.7,2015
29.02942,-92.42283,22.3,2015
28.33,-91.76017,61.8,2015
28.96733,-92.45808,25.2,2015
29.10558,-92.64517,21.8,2015
28.31608,-91.35383,64.7,2015
28.93575,-92.77633,24.5,2015
28.27658,-91.39783,71.9,2015
28.782,-92.63508,30.5,2015
28.36817,-91.01308,46.6,2015
28.81567,-92.79258,25.8,2015
28.40475,-91.01575,41.3,2015
28.74225,-92.7715,30.4,2015
28.57525,-91.07875,25.8,2015
28.55717,-92.84625,39.3,2015
28.41858,-90.77667,39,2015
28.64675,-92.12217,38.6,2015
28.36433,-90.78317,44.4,2015
28.37217,-90.48808,47,2015
28.247,-90.37642,71.5,2015
28.37083,-90.03733,89.6,2015
28.74792,-90.08758,37.7,2015
28.81308,-89.5765,75,2015
28.72842,-89.62108,87.8,2015
28.87333,-89.22717,89.2,2015
29.70683,-86.26408,66.2,2015
29.85258,-86.19167,49.7,2015
29.3905,-85.88783,53.6,2015
29.42792,-85.87275,45,2015
28.46492,-83.91208,32.9,2015
29.35158,-85.72442,50.8,2015
28.55975,-83.82458,29.6,2015
29.38158,-85.53517,32,2015
28.70533,-83.95625,30.5,2015
29.44133,-85.34433,26.7,2015
28.76575,-84.275,36,2015
29.20033,-85.08167,30.5,2015
28.78825,-84.30975,34.9,2015
29.24392,-84.96358,26.9,2015
29.10842,-84.19042,27.1,2015
29.3455,-84.77992,26.7,2015
29.13258,-84.51675,28,2015
29.43367,-84.65067,27.2,2015
29.21142,-84.55958,30.4,2015
29.35708,-84.633,28.5,2015
29.06342,-85.12508,34.9,2015
29.38142,-84.49883,29.4,2015
29.53075,-85.719,30.4,2015
29.80242,-86.10275,42.4,2015
29.34817,-84.23008,26,2015
28.94458,-84.35942,31.5,2015
28.91658,-84.77883,42.6,2015
28.96692,-84.87442,42.4,2015
29.06475,-84.94417,35.3,2015
28.61792,-84.75558,53.9,2015
28.44675,-84.06275,36.4,2015
29.07383,-89.02017,18.6,2015
29.16467,-88.90933,48.5,2015
29.20775,-88.86975,63,2015
29.22092,-88.83517,62.8,2015
29.32492,-88.91117,24.6,2015
29.59642,-88.80167,13.6,2015
29.51492,-88.63692,15.9,2015
29.56525,-88.618,28.4,2015
29.3155,-88.39333,62.9,2015
29.32325,-88.30783,61.8,2015
29.36825,-88.22525,62.4,2015
29.84242,-88.068,32.4,2015
30.0435,-88.33467,20.1,2015
29.93983,-88.46067,28.6,2015
29.99325,-88.68142,17.9,2015
30.02517,-88.77542,12.4,2015
30.11817,-88.76458,13.4,2015
30.13408,-86.85708,51,2015
30.0575,-86.43533,47,2015
29.3745,-85.73558,49,2015
30.09975,-85.82983,20,2015
26.14542,-82.85383,39,2015
30.01908,-85.81075,25,2015
26.2505,-82.60242,26,2015
29.01825,-85.30708,48,2015
26.34767,-82.71183,28,2015
29.02342,-85.1585,43,2015
26.488,-82.76658,27,2015
29.06583,-85.09467,35,2015
26.81992,-83.05625,38,2015
28.46375,-84.75158,63,2015
26.95017,-83.06642,37,2015
28.35333,-84.7765,64,2015
27.06458,-83.08517,35,2015
28.33875,-84.64817,68,2015
27.61033,-83.62792,44,2015
28.507,-84.56625,54,2015
27.6895,-83.41708,33,2015
28.33375,-84.48458,59,2015
27.75025,-83.49167,35,2015
28.30092,-84.4385,62,2015
27.81783,-83.57975,37,2015
27.6315,-82.85492,9,2015
27.83933,-83.45125,32,2015
26.94275,-82.58183,16,2015
27.97242,-83.49408,31,2015
26.89417,-82.55433,16,2015
27.96217,-83.53383,31,2015
26.63883,-82.83058,29,2015
27.87342,-84.05808,54,2015
26.52725,-82.70417,27,2015
28.019,-83.26467,22,2015
26.44358,-82.68208,26,2015
28.05983,-83.15167,18.6,2015
27.48158,-83.57458,42.8,2015
26.47208,-82.56,22,2015
27.37392,-83.558,45,2015
26.37908,-82.116,7.3,2015
26.75633,-83.04933,37.4,2015
26.1955,-82.08267,14,2015
26.5055,-83.07942,40,2015
26.02717,-82.93225,43,2015
26.19683,-83.15975,48.8,2015
26.0645,-83.25483,54,2015
26.21325,-83.15925,49,2015
26.0645,-83.45808,60.6,2015
26.2215,-82.95483,39,2015
26.092,-83.503,62.1,2015
28.33983,-83.80717,32.9,2015
28.588,-83.52633,23.1,2015
26.26425,-83.57017,60.9,2015
28.42592,-83.28108,17.1,2015
26.35225,-83.53317,58.5,2015
28.50167,-83.11225,12.7,2015
28.5555,-83.07658,11.8,2015
26.39767,-83.3555,53,2015
28.81825,-83.12333,19.1,2015
26.44008,-83.45333,55.4,2015
28.96125,-83.04975,12.9,2015
26.70258,-83.74267,69.5,2015
29.10592,-83.67867,16.1,2015
26.63675,-83.90483,89.7,2015
29.33,-83.52375,17.9,2015
27.01417,-84.05025,92.2,2015
29.35417,-83.4945,13.6,2015
26.98067,-84.09625,98.5,2015
29.38333,-83.49567,11.9,2015
27.03092,-84.13433,101.2,2015
29.42808,-83.45775,11.8,2015
27.14233,-84.03125,78.5,2015
29.53983,-83.79983,15.4,2015
27.19458,-84.03592,74.5,2015
29.7935,-83.92125,15.7,2015
27.46583,-83.8075,50.8,2015
29.52042,-84.06242,20.1,2015
27.53217,-83.89183,55,2015
29.449,-84.08083,21.3,2015
27.37342,-84.11558,75.5,2015
29.41267,-84.21542,24.8,2015
27.44958,-84.21708,74.3,2015
29.72375,-84.23925,14.8,2015
27.45092,-84.23817,75.5,2015
29.75983,-84.38767,13.9,2015
29.46933,-84.45775,24.1,2015
27.79292,-84.42033,84.3,2015
29.47667,-84.53975,23.6,2015
28.07192,-84.42633,65.5,2015
29.45025,-84.61367,23.9,2015
28.21242,-84.44492,61.4,2015
29.51042,-85.11475,13.3,2015
28.1775,-84.19342,45.8,2015
29.54617,-85.10583,15.6,2015
29.61242,-85.18625,16.9,2015
29.591,-85.41067,16.1,2015
30.00533,-86.17692,37,2015
30.19833,-86.30458,31.1,2015
30.284,-86.43467,21.9,2015
30.32883,-86.7725,19.9,2015
30.31108,-87.00858,18.4,2015
30.26483,-87.10967,19.4,2015
30.21333,-87.77667,10.8,2015
30.20833,-87.76175,10.7,2015
29.9225,-87.41,30.3,2015
28.98808,-90.46817,10,2015
28.93075,-90.13217,25,2015
29.06758,-89.86317,26.8,2015
29.18933,-89.81083,15.5,2015
28.5985,-90.25933,45,2015
28.67833,-90.22975,34.8,2015
28.71133,-90.39167,22,2015
28.6805,-90.43758,18.9,2015
28.82583,-90.95075,13.5,2015
28.87125,-90.98908,10.5,2015
29.0605,-91.86208,12.2,2015
29.44125,-92.7175,14.4,2015
29.53058,-93.12525,12.8,2015
29.36508,-93.93092,13.3,2015
29.68233,-93.79708,6.1,2015
29.60183,-93.6105,11.9,2015
29.68975,-93.19008,8.9,2015
29.57842,-93.1815,11.8,2015
29.64125,-92.84333,5.5,2015
29.58892,-92.78658,7.3,2015
29.56208,-92.67033,7.9,2015
29.40375,-92.02108,4.6,2015
29.16225,-91.43942,5.2,2015
28.93458,-90.94517,9.5,2015
26.34617,-96.64967,48.1,2016
26.30642,-96.48192,63.8,2016
26.2315,-96.38983,75,2016
26.10792,-96.4185,74.6,2016
26.04883,-96.43533,71.7,2016
26.18433,-96.50133,62.7,2016
26.17792,-96.692,47,2016
26.20925,-97.01925,25.6,2016
26.32083,-96.945,35.7,2016
26.34825,-97.15333,17.7,2016
26.47242,-97.12467,20.7,2016
26.44442,-97.07492,22.5,2016
26.82542,-96.56567,106.8,2016
26.86625,-96.70117,81,2016
27.03525,-96.889,54.1,2016
27.06517,-97.02117,38,2016
27.14325,-97.2475,22.9,2016
27.30675,-96.91183,41.1,2016
27.39083,-97.01292,30.2,2016
27.3865,-97.04758,28.9,2016
27.35992,-96.46358,93.3,2016
28.43358,-96.09042,16.6,2016
27.67475,-96.87867,26.9,2016
28.61275,-95.70825,14.6,2016
28.59192,-95.29267,26.2,2016
27.91883,-96.86725,15.5,2016
28.54525,-95.6115,21,2016
27.92342,-96.808,18.5,2016
28.44392,-95.36392,31.8,2016
27.93992,-96.69617,22.3,2016
28.37467,-95.65792,28.2,2016
27.87975,-96.43517,38.4,2016
28.36825,-95.56167,28.2,2016
28.00442,-96.23633,36.6,2016
28.11925,-95.45275,47.2,2016
28.0765,-95.44775,49.2,2016
27.89883,-96.21142,50.1,2016
27.95767,-95.34775,64.6,2016
27.79375,-95.941,61.8,2016
27.90192,-95.20867,91.6,2016
28.10875,-95.05017,54.7,2016
27.96617,-95.87908,50.3,2016
28.17042,-95.09267,49.2,2016
28.24833,-95.0155,46.3,2016
28.1435,-95.97167,32.7,2016
28.15375,-94.84867,51,2016
28.24292,-95.87625,28.3,2016
28.07267,-94.79642,59.4,2016
28.20158,-95.98642,28,2016
28.00692,-94.72975,76.8,2016
28.29608,-95.997,24.5,2016
28.14133,-94.59217,56.1,2016
28.11683,-94.56808,56.9,2016
28.28525,-94.04233,55,2016
28.49967,-94.3315,37.5,2016
28.384,-94.78492,40.1,2016
28.49492,-94.9255,35.5,2016
28.49642,-94.96942,35.3,2016
28.749,-95.0165,21.9,2016
28.83283,-94.85608,20.5,2016
28.96325,-95.02067,17.9,2016
28.98267,-94.86233,19.2,2016
29.06867,-94.89858,15.4,2016
29.09475,-94.7645,17.9,2016
29.55542,-93.35167,13.2,2016
28.9285,-94.6135,20.1,2016
29.50333,-93.32158,7.5,2016
28.964,-94.46925,18.7,2016
29.55533,-93.19,13,2016
29.37992,-92.76408,15.7,2016
29.08217,-94.11517,19.2,2016
29.27808,-92.59658,16.3,2016
29.13292,-92.36408,16.1,2016
29.13242,-93.973,18.8,2016
29.01667,-92.7175,25.6,2016
29.29983,-94.3945,16.1,2016
29.15933,-92.78833,21,2016
29.16225,-93.06692,20.5,2016
29.45083,-94.32708,13.5,2016
28.92208,-93.11317,24.1,2016
29.49575,-94.29958,12.1,2016
28.87533,-93.31267,24.3,2016
29.48125,-94.18058,13.2,2016
29.483,-94.156,12.8,2016
28.97625,-93.31017,24.5,2016
28.88725,-93.80667,23.4,2016
29.19358,-93.39375,17.4,2016
29.13567,-93.80592,10.2,2016
29.0735,-93.48917,21.9,2016
29.20342,-93.71992,16.6,2016
28.76442,-93.86525,25.1,2016
29.39683,-93.57483,15.2,2016
28.72792,-94.03433,27.1,2016
29.62083,-93.48175,12.1,2016
28.63567,-93.84475,30.4,2016
28.4645,-93.65075,45,2016
28.44383,-93.35992,47.9,2016
28.34392,-93.63025,55.2,2016
28.30442,-93.54617,58.5,2016
28.09617,-93.59867,68.9,2016
28.10267,-93.4355,77.9,2016
28.07833,-93.28342,84.1,2016
28.08933,-93.20975,85.2,2016
28.10433,-92.87308,82.8,2016
28.2605,-93.07833,59.8,2016
28.33108,-93.20283,55.2,2016
28.39958,-92.91192,53.4,2016
28.72933,-93.13217,28.7,2016
28.76075,-93.10892,29.8,2016
28.8255,-93.11108,27.2,2016
28.78742,-92.1705,32.6,2016
28.73258,-92.97758,31.5,2016
28.83708,-92.04917,28.3,2016
28.79933,-92.53225,32.6,2016
28.86883,-92.02967,26.5,2016
28.3105,-92.86783,56.3,2016
28.89775,-91.98983,24.5,2016
28.07117,-92.35667,95.6,2016
28.94167,-92.09758,24.3,2016
28.05983,-92.09183,98.6,2016
28.93308,-91.69458,19.2,2016
28.19392,-91.96717,74.6,2016
28.84633,-91.61458,21.8,2016
28.15325,-92.05708,79.6,2016
28.76033,-91.6545,26.7,2016
28.40442,-92.41867,57.4,2016
28.70342,-91.65017,29.6,2016
28.54433,-92.10525,45.5,2016
28.79575,-91.35633,17,2016
28.46458,-92.09717,54.5,2016
28.61233,-91.50733,34.6,2016
28.39792,-91.90783,58.5,2016
28.27992,-91.47967,71.1,2016
28.47875,-91.91142,52.3,2016
28.25142,-91.51567,74.6,2016
28.76558,-91.95192,30.2,2016
28.17608,-91.63125,81.9,2016
28.13683,-90.95133,98.2,2016
28.27567,-91.03042,67.1,2016
28.39608,-91.18842,53.4,2016
28.44792,-90.97375,38,2016
28.63733,-90.87442,18.1,2016
28.72958,-90.76108,18.8,2016
28.81933,-90.67883,19.8,2016
28.55367,-90.57025,31.8,2016
28.553,-90.46625,35.8,2016
28.36667,-90.40942,51.6,2016
28.44225,-90.20158,57.1,2016
28.55758,-90.119,58.7,2016
28.41858,-90.04892,80.1,2016
29.33483,-84.87358,26.7,2016
28.34433,-90.03925,98.6,2016
29.58183,-84.81358,14.3,2016
28.83217,-89.58708,75.7,2016
29.57208,-84.72217,16.6,2016
28.81225,-89.65733,75,2016
29.6145,-84.35108,20.7,2016
28.73567,-89.62592,88.7,2016
29.56167,-84.42533,19.8,2016
28.89808,-89.17642,74.8,2016
29.37417,-84.32325,26.3,2016
30.13708,-87.4215,23.6,2016
29.33667,-84.44925,29.3,2016
30.13875,-87.32508,20.3,2016
29.08525,-84.64758,34.7,2016
29.10708,-84.70183,34.6,2016
29.95433,-87.34408,28.7,2016
29.12333,-84.71583,34.2,2016
30.30817,-87.01125,20.3,2016
28.90567,-84.28175,31.3,2016
28.97275,-83.91933,27.2,2016
30.22025,-86.07558,23,2016
29.05342,-83.71275,19.4,2016
30.18175,-86.07233,25.4,2016
28.97583,-83.59033,20.1,2016
30.14242,-85.82917,19,2016
29.58617,-83.78792,14.1,2016
29.63308,-86.25292,68.9,2016
29.67567,-83.914,14.1,2016
29.522,-85.98367,53.4,2016
29.38692,-84.02392,21.4,2016
29.94625,-85.74675,27.1,2016
29.25942,-85.22917,34.7,2016
29.31717,-85.17942,29.4,2016
29.42708,-85.2285,26.7,2016
30.14708,-87.00342,28,2016
30.17583,-86.52917,28.1,2016
30.09517,-86.19125,34,2016
30.0165,-86.22158,41.4,2016
29.88758,-86.28442,61.8,2016
29.97775,-85.98267,33,2016
29.92842,-85.93958,34,2016
29.8465,-86.0575,41,2016
29.69758,-86.13775,49,2016
29.83083,-88.57017,26,2016
29.50867,-86.01158,57,2016
29.72792,-88.686,17.9,2016
29.72625,-85.83067,37,2016
29.52158,-88.81175,15.7,2016
29.55517,-85.80733,30.6,2016
29.3275,-88.69692,58,2016
29.42017,-85.74392,38,2016
29.25075,-88.71508,65.3,2016
29.27417,-85.3035,27.4,2016
29.15208,-88.66092,84.7,2016
29.04767,-85.44975,58.1,2016
29.41767,-88.4885,55.6,2016
28.94142,-85.07908,53,2016
29.27067,-88.18217,92.4,2016
28.78992,-85.12475,88,2016
29.67458,-88.09,36.4,2016
28.75533,-84.85133,50,2016
29.77833,-88.154,34.7,2016
28.57417,-84.91525,59,2016
29.88575,-88.073,32.9,2016
28.50258,-84.73117,59,2016
29.8555,-88.36408,33.8,2016
28.534,-84.55517,54,2016
28.55017,-84.53367,51,2016
28.62017,-84.16808,37,2016
28.62517,-84.13058,36,2016
28.42625,-84.02392,37,2016
28.22867,-84.58442,73,2016
27.12142,-83.64217,55,2016
28.24825,-84.72875,72,2016
27.09642,-83.88492,69,2016
28.21942,-84.85033,110,2016
26.86692,-84.03542,90,2016
28.05017,-84.54608,75,2016
26.82058,-83.67017,61.5,2016
27.90033,-84.53583,100,2016
26.72175,-83.70242,65.5,2016
27.9355,-84.26783,62,2016
26.58317,-83.3235,49.3,2016
27.83658,-84.14483,52,2016
26.45817,-83.19108,46.8,2016
27.77267,-84.0915,60,2016
26.23342,-83.4725,59.3,2016
27.71233,-84.26025,69,2016
26.13333,-83.37642,57.5,2016
27.79675,-84.35117,78,2016
26.10542,-83.61475,68.5,2016
27.5795,-84.30725,90,2016
26.04325,-83.07342,47.4,2016
27.5835,-84.10875,68,2016
27.00458,-84.12867,105,2016
26.04275,-83.01033,43.5,2016
27.53608,-82.80125,8.7,2016
26.20283,-82.91092,37.6,2016
27.48,-82.75683,8.1,2016
27.4255,-82.83492,11.4,2016
26.12292,-82.90258,40,2016
27.5205,-83.01833,17.9,2016
27.38425,-83.11267,26.9,2016
26.0695,-82.775,35,2016
27.41733,-83.37125,37.4,2016
26.26008,-82.59733,25.8,2016
27.36283,-83.52158,44,2016
26.32825,-82.73908,29.4,2016
26.45075,-82.59617,23.8,2016
26.47208,-82.43775,18.1,2016
26.59542,-82.56833,20.9,2016
26.47283,-82.65192,24.4,2016
26.44292,-82.75658,27.8,2016
26.43975,-82.81617,30.9,2016
26.56425,-82.80858,28.6,2016
26.57175,-83.0865,40.6,2016
26.68708,-83.12208,39.9,2016
26.83208,-83.34125,49,2016
28.47033,-83.50858,22.6,2016
26.90725,-83.42858,51,2016
28.54583,-83.86208,30.8,2016
26.94875,-83.28475,45,2016
26.88917,-83.17783,40.5,2016
26.98483,-82.92842,29.8,2016
27.15733,-83.14017,33.8,2016
27.36533,-83.48033,42.1,2016
27.50067,-83.75825,48.8,2016
27.718,-83.65442,41.5,2016
27.78192,-83.52067,34.3,2016
27.7425,-83.4275,32.9,2016
27.71075,-83.20267,25.6,2016
27.82392,-83.31142,25.4,2016
27.99225,-83.07567,17.1,2016
28.14458,-83.6805,33.1,2016
28.236,-83.59333,29.1,2016
28.38658,-83.427,22.1,2016
28.55325,-83.00742,8.9,2016
28.61167,-83.43667,19.3,2016
30.22775,-88.17433,10.2,2016
30.17417,-88.3555,15.7,2016
30.18925,-88.45125,6.8,2016
30.10017,-88.41092,18.3,2016
28.98708,-90.32117,13.7,2016
29.09325,-90.06167,13.5,2016
29.0675,-89.84883,26.2,2016
29.12483,-89.72617,20.2,2016
28.8935,-90.23158,22.3,2016
28.94217,-90.5815,13,2016
29.1465,-91.45583,7.2,2016
29.12275,-91.53625,7.3,2016
29.19775,-91.64117,6.9,2016
29.35092,-91.8485,3.2,2016
29.2845,-92.27092,6.4,2016
29.348,-92.34883,9.4,2016
29.34217,-92.42617,9.5,2016
29.2005,-92.32908,6,2016
29.192,-91.91708,7,2016
26.26267,-96.37483,85.6,2017
26.18233,-96.52892,59.4,2017
26.07958,-96.73625,44.6,2017
26.08867,-96.80033,41.7,2017
26.005,-97.11192,15.2,2017
26.1615,-96.99317,27.8,2017
26.22133,-97.01108,26.9,2017
26.43258,-96.78233,44.1,2017
26.58283,-96.71767,60.7,2017
27.6365,-97.04217,19.9,2017
26.678,-96.79992,57.6,2017
27.58483,-96.8445,60.7,2017
27.603,-96.79875,36,2017
26.69442,-97.03042,35.5,2017
27.90467,-96.76083,22.1,2017
26.89617,-97.10917,32.2,2017
26.92208,-96.86183,57.6,2017
27.8485,-96.58133,32.7,2017
26.99242,-96.63667,92.5,2017
27.8265,-96.544,36.6,2017
27.0645,-96.5835,98,2017
27.74708,-96.40025,56,2017
27.15575,-96.53583,101.3,2017
28.16325,-96.47283,18.8,2017
27.52575,-96.3365,94,2017
28.23208,-96.29267,22.3,2017
28.32283,-96.10042,21.8,2017
27.42858,-96.39767,98.8,2017
28.24967,-96.05867,24.1,2017
27.30892,-96.61542,77,2017
28.02208,-95.37658,56.5,2017
28.19033,-95.539,39.3,2017
27.26433,-96.63767,77.7,2017
28.43575,-95.85717,20.3,2017
27.153,-96.79967,62,2017
28.48967,-95.76808,19,2017
28.56625,-95.71825,15.7,2017
27.13617,-96.99583,39.3,2017
28.5815,-95.50425,19.8,2017
27.23892,-96.89917,46.5,2017
28.69267,-95.47808,16.3,2017
28.66208,-95.40492,18.1,2017
27.32867,-97.18433,22.1,2017
28.745,-95.24258,20.7,2017
28.76508,-95.2115,21,2017
27.47042,-96.90758,34.2,2017
28.68883,-95.28425,21.8,2017
27.51142,-97.00617,26.3,2017
28.38317,-95.305,34.4,2017
28.28492,-95.29967,37.5,2017
27.60533,-97.04183,20.8,2017
28.0245,-95.19092,61.3,2017
28.06083,-95.07825,59.6,2017
28.15058,-94.91292,52.1,2017
28.06633,-94.80425,62.5,2017
28.05825,-94.71483,61.6,2017
28.03742,-94.48517,60.7,2017
28.31067,-94.55708,44.3,2017
28.65933,-94.49058,29.1,2017
28.82908,-94.51858,23,2017
28.824,-94.6565,20.1,2017
29.34517,-94.517,13.4,2017
28.76158,-94.8085,24.1,2017
29.42217,-94.36975,12.8,2017
28.73558,-94.69858,24.5,2017
29.41042,-94.27975,13.5,2017
28.6235,-94.93583,29.3,2017
29.3695,-94.26708,14.3,2017
28.52308,-94.95942,33.3,2017
29.24158,-94.19242,14.3,2017
28.47417,-94.91192,36.2,2017
29.53167,-93.89042,12.3,2017
28.41975,-94.30433,42.1,2017
29.13933,-93.97275,18.3,2017
28.87983,-94.30442,22.3,2017
29.11892,-93.72658,19.9,2017
29.00358,-93.93025,19.6,2017
29.27425,-93.6015,14.3,2017
28.81033,-93.9755,25.1,2017
29.3675,-93.58992,13.9,2017
28.61142,-94.01367,33.5,2017
29.44917,-93.55,11.9,2017
28.45667,-93.98167,45,2017
29.36942,-93.36933,15,2017
28.386,-93.99058,50.3,2017
28.34683,-94.11633,49.7,2017
28.26975,-94.02375,58.5,2017
28.286,-93.89725,61.1,2017
28.07117,-94.10908,66,2017
27.90633,-93.71358,106.6,2017
28.06367,-93.51242,86,2017
28.26492,-93.69208,62.5,2017
28.57283,-93.767,36.8,2017
28.66408,-93.78275,29.3,2017
28.86425,-93.69217,22.7,2017
28.71742,-93.57142,27.6,2017
29.00058,-93.26517,24.5,2017
29.06592,-93.15033,23.8,2017
28.90967,-93.12617,24.9,2017
28.72925,-93.37933,30.2,2017
28.648,-93.37192,33.6,2017
29.23008,-92.83883,18.5,2017
28.28333,-93.48467,60.7,2017
29.3765,-92.77558,15.5,2017
29.4955,-92.74217,12.4,2017
28.40408,-93.27067,52.3,2017
29.37375,-92.535,11.9,2017
28.27075,-92.85867,58.9,2017
29.22508,-92.47942,14.4,2017
28.10742,-92.89408,83.4,2017
29.11417,-92.42708,18.8,2017
28.05933,-92.38742,98.8,2017
28.97275,-92.14375,22.5,2017
28.26342,-92.38467,64.6,2017
28.65117,-92.18808,39.9,2017
28.31375,-92.34942,62.4,2017
28.4495,-92.13983,53.6,2017
28.37175,-92.25375,59.1,2017
28.46658,-91.98842,52.9,2017
28.41567,-92.55333,56.1,2017
28.08092,-91.85183,93.6,2017
28.4825,-92.55375,50.7,2017
28.20558,-91.8435,75.7,2017
28.70225,-92.3985,37.3,2017
28.25833,-91.59883,72.8,2017
28.88017,-92.44933,29.8,2017
28.31308,-91.573,68.4,2017
28.8445,-92.624,30.9,2017
28.27633,-91.53158,71.9,2017
29.06808,-92.66058,23.2,2017
28.14425,-91.4,96.6,2017
29.14008,-92.63358,20.8,2017
28.39442,-91.32083,55.2,2017
29.18667,-92.67325,19.4,2017
28.38867,-91.04067,46.8,2017
28.21767,-90.63567,76.8,2017
28.24033,-90.48458,73.9,2017
29.11358,-88.94608,39.7,2017
29.91208,-87.38342,30.5,2017
30.20933,-87.16467,25.2,2017
30.29675,-87.00767,21.8,2017
30.30942,-86.47567,22.5,2017
30.2975,-86.28892,26.2,2017
29.84992,-86.58525,112.8,2017
29.30825,-84.51867,29.8,2017
29.956,-86.049,33.8,2017
29.487,-84.42008,25.2,2017
29.80175,-85.65733,25.8,2017
29.94408,-85.61833,22.9,2017
29.1755,-84.39667,29.4,2017
29.66808,-85.48433,20.3,2017
29.15325,-84.24925,28.7,2017
29.5255,-85.69992,32.2,2017
29.03608,-84.14783,29.3,2017
29.18792,-85.39425,43.7,2017
29.06025,-84.00333,27.4,2017
29.16808,-85.27392,35.5,2017
29.238,-84.081,25.1,2017
29.12283,-85.18242,38,2017
29.59542,-84.05817,17.2,2017
29.27658,-85.23717,31.5,2017
29.45258,-83.68008,13.2,2017
29.46125,-85.22742,20.7,2017
28.80808,-83.79925,27.1,2017
29.53308,-85.25567,14.8,2017
28.543,-83.77567,29.8,2017
29.51775,-84.82883,16.3,2017
28.66658,-83.33708,17.9,2017
29.27183,-84.85392,27.8,2017
28.94958,-84.76075,40.8,2017
28.39675,-83.93475,36,2017
29.05775,-84.64475,36.2,2017
29.16417,-84.75792,34.6,2017
29.25567,-84.51542,30.7,2017
29.71008,-88.54425,31,2017
29.5845,-88.66042,17.4,2017
29.49817,-88.82667,14.9,2017
29.43767,-88.77892,22.8,2017
29.35292,-88.99475,17.1,2017
29.25792,-88.71267,63.5,2017
29.28833,-88.67292,63.1,2017
29.38633,-88.6795,52.5,2017
29.37533,-88.53958,58.9,2017
29.682,-88.27058,39.6,2017
29.74025,-88.35375,37.5,2017
30.16917,-88.42242,12.4,2017
30.1135,-88.59975,14.4,2017
29.88733,-87.37875,36,2017
29.8745,-86.49092,80,2017
29.76317,-86.28725,76,2017
29.16242,-85.38583,45,2017
29.01592,-85.16758,41,2017
28.71608,-85.14692,104,2017
28.69808,-84.75842,52,2017
28.53783,-84.836,54,2017
28.4215,-84.70375,64,2017
28.327,-84.48267,59,2017
28.03717,-84.5905,82,2017
26.2105,-83.6335,68,2017
28.00858,-84.24783,53,2017
26.2325,-83.71642,73,2017
27.88958,-84.27075,62,2017
26.16383,-83.708,74,2017
27.77075,-84.28975,65,2017
25.99908,-83.27642,69,2017
27.57717,-84.08208,65,2017
27.261,-82.69592,12,2017
27.4955,-83.99725,61,2017
27.09858,-82.53442,11,2017
27.40442,-84.02633,64,2017
27.00225,-82.68658,20,2017
27.43333,-84.22817,80,2017
26.95083,-83.00217,33,2017
27.22858,-83.89383,69,2017
26.78667,-83.12567,40,2017
27.15242,-84.038,84,2017
26.80617,-82.92367,33,2017
27.00158,-84.00617,86,2017
26.67783,-82.94392,34,2017
26.37942,-82.58667,24,2017
27.03067,-83.76608,56,2017
26.404,-82.50658,20,2017
26.27483,-82.21508,14,2017
26.92108,-83.69233,64,2017
26.1315,-82.13667,16,2017
26.87033,-83.77292,68,2017
27.56008,-82.98567,13,2017
26.77583,-83.70692,71,2017
27.73767,-83.1175,22,2017
26.43292,-83.61533,66,2017
27.6005,-83.1225,24,2017
26.41125,-83.5,58,2017
26.25858,-83.32,55,2017
27.54417,-83.2095,29,2017
26.20417,-83.53883,63,2017
27.45133,-83.07267,27,2017
27.35725,-83.201,32,2017
27.55667,-83.36208,35,2017
27.43308,-83.57825,46,2017
27.55042,-83.69617,48,2017
27.61983,-83.54608,42,2017
27.7535,-83.73617,44,2017
27.76075,-83.867,48,2017
27.85942,-84.02058,52,2017
27.99008,-83.98408,47,2017
28.05617,-83.74408,38,2017
28.07767,-83.5165,29,2017
27.99933,-83.20425,21,2017
27.94858,-83.08517,16,2017
30.17383,-87.72008,10.7,2017
29.44625,-87.76783,67.3,2017
29.42133,-87.77467,69.5,2017
29.57267,-88.08858,41.3,2017
30.01275,-88.1465,24.3,2017
30.09433,-88.17525,19.1,2017
28.93125,-90.56267,5.1,2017
28.92208,-90.042,29.3,2017
28.935,-90.05817,27.6,2017
29.08625,-89.81442,31,2017
29.08008,-89.68408,26,2017
29.02992,-89.525,12.4,2017
28.81042,-89.59767,80,2017
28.82517,-89.65558,76.5,2017
28.57933,-89.99433,85.5,2017
28.49775,-90.15733,59.7,2017
28.56325,-90.22542,48.1,2017
28.68567,-90.43908,18,2017
28.639,-90.549,20.9,2017
28.61325,-90.61292,20.5,2017
28.47658,-90.60425,30.3,2017
28.42867,-90.71892,43.3,2017
28.48933,-90.8525,34.7,2017
28.61292,-90.90933,19.8,2017
28.5505,-91.17467,33.5,2017
28.61808,-91.18883,28,2017
28.70425,-91.27333,19.4,2017
28.71658,-91.07542,12.9,2017
26.298,-96.339,98.4,2018
26.436,-96.54133,65.3,2018
26.26917,-96.63008,49.6,2018
26.10475,-96.49425,61.8,2018
26.1395,-96.7025,45.9,2018
26.02025,-97.04708,23,2018
26.15433,-97.06675,20.3,2018
26.49908,-96.84542,42.4,2018
26.63608,-96.64483,77.2,2018
26.78458,-96.63433,91.8,2018
26.687,-96.93467,42.8,2018
28.36525,-94.82217,40.1,2018
26.60183,-96.99458,36.6,2018
28.11992,-94.75783,55.6,2018
26.75233,-97.16208,27.4,2018
28.12275,-95.17542,53.4,2018
26.9905,-97.25158,23.4,2018
27.8595,-95.33,98.8,2018
27.15225,-97.21367,24.1,2018
28.00883,-95.60458,52.5,2018
27.23158,-97.16092,25.1,2018
28.29375,-95.76217,27.8,2018
27.30433,-97.25517,17,2018
28.43983,-95.82617,21.6,2018
27.3925,-97.09242,25.6,2018
28.6615,-95.70508,11.9,2018
27.64867,-97.01917,21.2,2018
28.59083,-95.63925,15.7,2018
27.46433,-96.84808,39.3,2018
28.67058,-95.33492,21.6,2018
27.32817,-96.85675,45.9,2018
28.51392,-95.34508,28.7,2018
27.37883,-96.52492,83.4,2018
28.38642,-95.39233,32,2018
27.41883,-96.42708,92.9,2018
28.34,-95.26608,35.7,2018
27.53675,-96.26742,95.3,2018
28.60658,-95.0265,29.4,2018
29.1625,-88.62842,65.1,2018
28.61067,-94.926,29.8,2018
29.123,-88.92525,40.4,2018
28.73675,-94.79142,24.3,2018
28.424,-94.1015,45.7,2018
28.915,-94.64592,20.5,2018
28.38567,-94.18833,48.3,2018
28.75833,-94.58042,24,2018
28.20067,-94.08117,60.4,2018
28.57692,-94.16825,35.3,2018
28.30175,-94.342,49.2,2018
28.62708,-94.13983,32.7,2018
28.22817,-94.5215,51,2018
28.80817,-94.192,26.2,2018
28.30642,-94.58933,45,2018
28.93117,-93.90458,22.9,2018
29.13017,-93.969,18.8,2018
28.93317,-93.54775,18.1,2018
29.23175,-94.14467,15.5,2018
29.2305,-93.10908,13.9,2018
29.2255,-94.37133,16.3,2018
29.34917,-93.14292,11.9,2018
29.36067,-94.199,14.4,2018
29.27642,-92.90775,13.9,2018
29.26033,-94.01633,14.6,2018
29.10983,-92.97817,17.4,2018
29.34883,-93.8855,13.2,2018
29.00583,-93.0255,20.5,2018
29.43167,-93.58192,13.4,2018
28.92217,-92.948,18.3,2018
29.43175,-93.48975,13.4,2018
28.77983,-92.79308,25.8,2018
29.48075,-93.28792,13.7,2018
28.62875,-92.85325,35.7,2018
29.59908,-93.106,11.7,2018
28.69083,-92.95275,34.2,2018
29.5555,-92.85142,11.3,2018
28.75033,-93.13992,28.7,2018
29.08067,-92.7805,24,2018
28.77525,-93.31442,28.3,2018
28.89458,-92.58842,28.3,2018
28.81,-92.43783,33.3,2018
28.71267,-93.46133,28.9,2018
28.28092,-93.106,58.2,2018
28.64092,-93.39917,33.5,2018
28.18217,-93.08408,71.1,2018
28.12583,-93.3145,77.4,2018
28.59583,-93.40275,37.5,2018
28.19358,-93.78,67.3,2018
28.47167,-93.7725,45.9,2018
28.52283,-93.503,38.6,2018
28.54808,-93.81417,37.7,2018
28.56792,-93.12892,38.8,2018
28.61408,-93.85317,28.9,2018
28.78658,-93.62517,20.8,2018
28.49775,-92.933,46.6,2018
28.29408,-92.75583,57.8,2018
28.37958,-92.44892,57.8,2018
28.48042,-92.45767,52.5,2018
28.50492,-92.57383,49.2,2018
28.61525,-92.63083,36.6,2018
28.84758,-92.2265,29.3,2018
28.67175,-92.21458,38.8,2018
28.57483,-92.26067,42.8,2018
28.38433,-91.98083,59.1,2018
28.20308,-92.03408,74.6,2018
28.38367,-91.71292,60,2018
29.771,-85.55383,22.3,2018
28.45617,-91.52867,51,2018
29.59108,-85.86133,36.6,2018
28.3665,-91.4985,60.5,2018
29.7675,-85.95583,38.4,2018
28.1935,-91.57492,79.4,2018
29.85117,-86.2865,65.5,2018
28.2125,-91.23108,83.4,2018
29.90358,-86.09158,38.4,2018
28.18975,-91.05683,86.7,2018
29.97767,-85.65625,20.8,2018
28.25258,-90.63117,66.4,2018
30.023,-86.67733,84.3,2018
28.2485,-90.21508,97.3,2018
30.32917,-86.94842,22.5,2018
28.36075,-90.25833,63.1,2018
30.07758,-86.88442,94.7,2018
28.42558,-90.18292,59.8,2018
28.82083,-89.49433,59.3,2018
28.87083,-89.2,90.9,2018
29.41567,-85.43542,30.4,2018
29.41558,-85.13342,21.9,2018
29.55808,-85.24308,11.5,2018
29.60092,-85.55058,23.2,2018
29.769,-85.46367,12.6,2018
29.38042,-85.86517,52,2018
29.01675,-85.49992,74,2018
29.1165,-85.18792,36,2018
29.298,-84.8755,27,2018
29.4505,-88.93475,13.2,2018
29.19375,-84.67817,33,2018
29.06933,-84.66517,34,2018
29.34925,-88.47792,60.2,2018
29.07092,-84.87208,35,2018
29.45508,-88.6325,45.2,2018
28.70592,-84.86142,49,2018
28.34258,-84.48192,55,2018
29.50475,-88.682,24,2018
28.13158,-84.2695,53,2018
29.6305,-88.63125,18.7,2018
28.02175,-84.1565,48,2018
27.95725,-84.156,50,2018
29.74792,-88.55333,28,2018
27.94858,-84.42708,78,2018
27.77742,-84.45333,100,2018
29.6615,-88.32592,38,2018
27.63375,-84.3075,79,2018
29.57567,-88.23775,38.8,2018
27.52625,-84.26008,81,2018
29.62783,-88.023,39.1,2018
27.37408,-84.13042,77,2018
29.98258,-88.17642,27.4,2018
27.34433,-84.19508,81,2018
30.12075,-88.23867,19,2018
27.14475,-84.00192,75,2018
27.1,-84.01425,83,2018
30.16158,-88.57183,12.4,2018
27.065,-83.7735,55,2018
27.24167,-83.68458,52,2018
27.02625,-83.5535,53,2018
26.87383,-83.53458,55,2018
26.81367,-83.70075,67,2018
26.75292,-83.86125,78,2018
26.59892,-83.94342,110,2018
26.53525,-83.7015,70,2018
26.39625,-83.68317,68,2018
26.40667,-83.43383,55,2018
26.13267,-83.35125,55,2018
26.06908,-83.44908,60,2018
26.00983,-83.52475,63,2018
26.04567,-83.66867,69,2018
26.07658,-83.07475,50,2018
26.19925,-82.89042,39,2018
26.591,-82.71458,26,2018
27.34317,-82.75367,11.3,2018
26.59292,-82.58058,22,2018
27.28633,-82.97242,24,2018
26.27333,-82.3245,15.1,2018
27.251,-82.76883,13.8,2018
26.01425,-82.21158,18,2018
27.231,-82.62842,9.8,2018
26.07325,-82.57742,29,2018
26.95992,-82.67525,20,2018
26.09108,-82.509,24,2018
26.8945,-82.90017,31,2018
26.58917,-83.29058,48,2018
26.77575,-82.77442,27,2018
26.67175,-83.357,52,2018
26.44275,-82.82675,32,2018
26.70225,-83.2715,47,2018
26.69925,-83.11425,40,2018
26.80383,-83.00775,38,2018
27.05533,-83.20433,41,2018
27.52883,-83.31483,34,2018
27.60133,-83.38,35,2018
27.731,-83.29142,30,2018
27.88517,-83.087,18.2,2018
27.78125,-83.53717,34,2018
27.87842,-83.803,43,2018
28.00325,-83.82758,41,2018
28.07958,-83.42742,25,2018
28.39092,-83.43617,22,2018
28.43692,-83.67567,29,2018
28.527,-83.82517,31,2018
28.58675,-84.0855,35,2018
28.69558,-84.08033,32,2018
28.74792,-84.29133,36,2018
28.46733,-84.43242,51,2018
28.58408,-84.58458,53,2018
28.72092,-84.492,42,2018
28.86992,-84.44433,37,2018
28.93633,-84.62675,40,2018
28.821,-83.55442,21,2018
29.07233,-84.3895,30,2018
28.63467,-83.64533,24,2018
29.17842,-84.3215,29,2018
28.7495,-83.3305,19,2018
29.33025,-84.2905,28,2018
28.69342,-83.10375,10.5,2018
29.31333,-84.55992,29,2018
29.36575,-84.70733,29,2018
29.5565,-84.73892,16.9,2018
29.66825,-84.57125,16.7,2018
29.63358,-84.43325,18.8,2018
29.40292,-84.28483,26,2018
29.43042,-84.1045,23,2018
29.48508,-83.9285,19.5,2018
28.98667,-83.64233,20,2018
28.93517,-83.2885,10.4,2018
28.883,-83.44667,17.1,2018
28.94225,-90.4015,15.5,2018
28.94775,-90.14292,22.4,2018
29.02025,-89.975,24,2018
28.91142,-91.86442,23,2018
29.03542,-89.72783,37,2018
28.89533,-91.67058,20.5,2018
28.83625,-89.473,52.1,2018
28.82542,-89.68308,69.5,2018
28.68342,-89.90133,122,2018
28.69075,-90.07542,50.8,2018
28.71533,-90.24733,30.7,2018
28.78292,-90.40183,19.4,2018
28.57433,-90.37408,37,2018
28.631,-90.6435,20,2018
28.53242,-90.58983,32.6,2018
28.4835,-91.06775,35.1,2018
28.74942,-91.08875,10.6,2018
28.67433,-91.362,23.4,2018
28.6455,-91.88758,38.7,2018
28.78058,-91.80992,29.8,2018
30.04792,-87.84308,22.5,2018
30.032,-87.38642,28.6,2018
29.97625,-87.31125,29.4,2018
30.01833,-87.24475,30,2018
30.116,-87.24617,27,2018
26.69608,-96.71333,71.7,2019
26.66258,-96.79358,55.6,2019
26.50417,-96.60967,66.4,2019
26.49367,-96.48458,88.5,2019
26.40042,-96.3565,106.8,2019
26.32358,-96.46783,72.4,2019
26.18175,-96.57183,54.3,2019
26.07792,-96.81442,40.6,2019
26.4575,-97.08308,22.1,2019
26.61667,-97.23175,15.9,2019
26.86775,-97.28225,18.5,2019
26.87683,-97.16992,29.3,2019
27.10625,-97.31575,15.9,2019
27.18458,-97.14875,27.4,2019
27.117,-96.86,57.1,2019
27.16167,-96.55908,98,2019
27.24808,-96.58925,87.2,2019
27.30492,-96.91367,43.2,2019
28.63675,-95.67225,15.2,2019
27.49492,-97.0555,25.6,2019
28.615,-95.57442,16.1,2019
27.57275,-96.75317,41.9,2019
28.2435,-95.58067,35.8,2019
27.71325,-97.01767,19.8,2019
27.99292,-95.34933,61.4,2019
27.9,-96.83383,19.2,2019
28.26108,-95.29275,40.2,2019
27.7555,-96.69825,33.1,2019
28.30967,-95.16133,38.8,2019
27.62875,-96.4825,61.8,2019
28.36308,-95.27917,34.6,2019
27.63083,-96.27317,86.7,2019
28.46408,-95.27642,32.6,2019
27.72817,-96.06042,86.9,2019
28.41233,-95.08992,36,2019
27.77025,-95.83992,69.3,2019
28.40825,-94.97725,38.4,2019
27.77808,-96.27417,64.7,2019
28.5785,-95.05258,30.4,2019
27.74825,-96.39825,58.7,2019
28.6205,-94.75225,30.5,2019
27.90167,-96.44133,37.5,2019
28.69892,-95.11017,24.1,2019
27.85733,-96.55883,34.9,2019
28.95442,-95.17217,14.6,2019
29.02067,-95.09383,13.5,2019
28.14708,-96.47083,21.6,2019
29.05092,-95.05317,13,2019
28.33167,-96.0905,21.8,2019
29.10942,-94.68,18.5,2019
28.26858,-96.00325,24.7,2019
28.83183,-94.58142,19.6,2019
28.28508,-95.83517,27.1,2019
28.72808,-94.50692,26,2019
28.48667,-95.87033,17.9,2019
29.10183,-94.11567,19.4,2019
29.15817,-94.28792,16.1,2019
29.17817,-94.24667,14.6,2019
29.2945,-94.42883,15.7,2019
29.419,-94.15842,13.9,2019
29.51683,-93.97842,12.4,2019
29.53517,-93.89067,12.3,2019
28.39125,-94.52158,42.6,2019
29.54875,-93.84942,12.4,2019
28.52783,-94.47133,36.2,2019
29.57358,-93.701,12.8,2019
28.31975,-93.67692,57.8,2019
29.61767,-93.59975,11.5,2019
28.09358,-93.55908,70.2,2019
28.20475,-93.45833,60.9,2019
29.61342,-93.53192,12.1,2019
28.39858,-93.47658,53.4,2019
29.4785,-93.267,13.9,2019
28.57267,-93.26633,39.1,2019
28.62783,-93.16783,36,2019
28.94217,-93.8295,21,2019
28.70567,-93.16933,31.1,2019
28.79642,-94.00883,24.3,2019
28.89375,-93.11992,24.7,2019
28.98292,-93.1305,24.7,2019
28.49842,-93.7925,41.3,2019
28.90458,-93.25492,25.4,2019
28.45817,-93.96617,44.6,2019
29.05317,-93.31367,24,2019
28.36942,-93.88908,53.6,2019
28.97242,-93.46358,22.5,2019
28.23317,-93.95125,63.3,2019
29.24725,-93.57508,15.4,2019
28.31017,-94.06983,51.6,2019
29.17225,-93.29842,19.4,2019
28.19625,-94.1065,58.7,2019
29.29575,-92.85083,18.1,2019
28.16925,-94.22517,58.2,2019
29.3755,-92.61192,14.3,2019
27.90692,-94.14992,97.7,2019
29.20333,-92.63567,19.2,2019
28.91917,-92.90358,22.5,2019
28.10908,-94.49517,58.5,2019
28.79875,-92.96542,27.8,2019
28.16658,-94.56017,55.4,2019
28.73533,-92.77567,31.6,2019
28.12658,-94.73283,55,2019
28.6795,-92.766,36,2019
28.62525,-92.853,35.8,2019
28.46992,-92.71775,50.3,2019
28.34608,-92.74933,56.3,2019
28.19267,-93.01825,71.3,2019
28.16258,-92.76542,75.2,2019
28.09842,-92.20925,92.5,2019
28.14508,-92.01625,85,2019
28.18667,-92.23917,73.7,2019
28.32667,-92.22883,62.9,2019
28.47408,-92.3595,54.5,2019
28.25725,-90.80175,67.3,2019
28.581,-92.28875,43.5,2019
28.23567,-90.34575,88.5,2019
28.806,-92.30533,33.8,2019
28.34142,-90.14475,77.2,2019
29.02217,-92.11225,20.7,2019
29.36025,-88.7175,54.9,2019
29.04067,-91.96067,16.3,2019
29.46575,-88.72342,26.3,2019
28.87917,-92.032,25.6,2019
29.50758,-88.62675,35.7,2019
28.829,-91.99392,27.2,2019
29.38658,-88.54367,57.6,2019
28.6225,-91.84833,38.8,2019
29.381,-88.413,57.4,2019
28.46592,-91.90558,53.8,2019
29.42258,-88.047,61.8,2019
28.34583,-91.86933,62.7,2019
29.61608,-88.264,39.7,2019
28.32367,-91.78533,64.4,2019
29.72017,-88.42533,37.5,2019
28.18642,-91.80558,78.1,2019
29.79608,-88.45017,33.3,2019
28.15375,-91.691,85.6,2019
29.73217,-88.70975,18.3,2019
29.88958,-88.64167,22.1,2019
29.95142,-88.7205,16.3,2019
28.03475,-83.14625,19.8,2019
28.40958,-83.30925,19.8,2019
28.608,-83.32992,18.5,2019
29.1275,-83.55575,13.9,2019
29.067,-84.07308,26.5,2019
28.97783,-83.76,22.7,2019
28.73058,-83.75442,25.8,2019
28.34117,-84.43725,56.7,2019
28.40242,-84.67675,64.4,2019
28.57733,-84.60167,52.3,2019
28.84533,-84.70225,40.6,2019
28.83592,-84.75692,43.3,2019
28.86725,-84.98192,49,2019
28.7575,-85.19342,105.9,2019
28.96483,-85.20333,53,2019
29.01833,-85.00558,41.5,2019
29.25733,-84.82817,29.3,2019
29.67875,-84.58833,14.3,2019
29.50367,-84.86717,14.6,2019
29.2725,-85.12458,31.6,2019
29.23092,-85.19617,32,2019
29.47175,-85.17458,12,2019
30.10375,-88.5785,16,2019
30.13392,-88.33175,17.9,2019
30.03917,-87.70967,23.2,2019
30.00258,-87.23083,29.8,2019
30.17458,-87.43625,23,2019
30.26267,-87.29567,13,2019
30.12083,-87.24283,26.7,2019
30.05208,-86.5135,43.7,2019
30.11017,-86.40217,39,2019
30.18558,-86.262,32.9,2019
30.26117,-86.19808,26,2019
30.16708,-86.02608,27.1,2019
30.03958,-86.15375,34.4,2019
29.81117,-86.16725,46.6,2019
29.65117,-86.02958,41.9,2019
29.37008,-85.79208,50.8,2019
29.42167,-85.65658,32.2,2019
29.30533,-85.53408,45.9,2019
29.16592,-85.54275,82.3,2019
29.23117,-85.36775,43.7,2019
29.54417,-85.47908,16.3,2019
29.55183,-85.379,15.9,2019
29.75292,-85.7335,32,2019
29.83292,-85.783,30.9,2019
26.56325,-83.77592,77.9,2019
28.39,-84.80183,64.9,2019
26.26583,-83.79842,95.3,2019
28.01942,-84.58333,84.1,2019
26.10258,-83.82408,96.9,2019
28.11792,-84.429,66.4,2019
26.28592,-83.69417,71.3,2019
28.05758,-83.9945,44.1,2019
26.24375,-83.514,62,2019
27.96175,-84.082,49.6,2019
27.42533,-83.04458,20.8,2019
27.80967,-84.168,57.1,2019
27.19633,-82.65392,12.6,2019
27.88517,-84.386,77.9,2019
27.11808,-82.522,9.9,2019
27.66933,-84.40642,101.9,2019
26.90317,-82.75058,25.1,2019
27.35117,-84.17108,81,2019
26.81367,-82.318,9.1,2019
27.39983,-83.74067,50.3,2019
26.73733,-82.34617,11.3,2019
27.28267,-83.65617,50.3,2019
26.65325,-82.45333,17,2019
27.17733,-83.77192,52.7,2019
26.53767,-82.54575,19.2,2019
27.10858,-83.84508,66.2,2019
26.28433,-82.35392,15.2,2019
27.01458,-84.1115,99.5,2019
26.03992,-82.55492,27.1,2019
26.99167,-83.55717,54.9,2019
26.83017,-83.27825,47,2019
26.08792,-83.05492,46.3,2019
26.50167,-83.26183,48.8,2019
26.07233,-83.14892,50.8,2019
26.0485,-83.47633,62.5,2019
26.12592,-83.23442,54.1,2019
26.57692,-83.08867,41.3,2019
26.69017,-82.87058,31.5,2019
26.81267,-83.08267,38.4,2019
27.08892,-83.12792,35.3,2019
27.3225,-83.29158,36.9,2019
27.34542,-83.44108,43.3,2019
27.49258,-83.4105,37.9,2019
27.52258,-83.59858,43.2,2019
26.84833,-82.98275,33.6,2019
26.44642,-82.91958,35.3,2019
27.81325,-83.62342,37.3,2019
27.72625,-83.22825,24.9,2019
27.81833,-83.2545,25.2,2019
28.78567,-90.51625,19.2,2019
28.9035,-90.37308,20.4,2019
28.92092,-89.80167,49.4,2019
28.92367,-89.36517,14.1,2019
28.99967,-89.11592,20.6,2019
28.57367,-90.13633,56.6,2019
28.43067,-90.69583,40.1,2019
28.54292,-90.83633,26.5,2019
28.55675,-91.08308,28.7,2019
28.67125,-91.15833,18.7,2019
28.81958,-91.679,25.3,2019
28.79183,-91.397,19.5,2019
28.78842,-91.20642,13.1,2019
28.77958,-90.85692,18,2019
28.87142,-90.75258,13.7,2019
28.98367,-90.71458,9.8,2019
28.9145,-90.54867,14.1,2019